-- phpMyAdmin SQL Dump
-- version 5.2.0
-- https://www.phpmyadmin.net/
--
-- Host: 127.0.0.1
-- Tempo de geração: 28-Out-2022 às 00:33
-- Versão do servidor: 10.4.25-MariaDB
-- versão do PHP: 8.1.10

SET SQL_MODE = "NO_AUTO_VALUE_ON_ZERO";
START TRANSACTION;
SET time_zone = "+00:00";


/*!40101 SET @OLD_CHARACTER_SET_CLIENT=@@CHARACTER_SET_CLIENT */;
/*!40101 SET @OLD_CHARACTER_SET_RESULTS=@@CHARACTER_SET_RESULTS */;
/*!40101 SET @OLD_COLLATION_CONNECTION=@@COLLATION_CONNECTION */;
/*!40101 SET NAMES utf8mb4 */;

--
-- Banco de dados: `controlmedsc`
--

DELIMITER $$
--
-- Procedimentos
--
CREATE DEFINER=`root`@`localhost` PROCEDURE `teste` (IN `param` VARCHAR(400))   SELECT d.desc_denominacao, cc.desc_conce, ff.desc_forma, c.desc_comp, ca.desc_cod_atc, atc.desc_atc FROM medicamento m, denominacao d, concentracao_composicao cc, forma_farmaceutica ff, componente c, codigo_atc ca, atc WHERE m.id_deno = d.id_deno AND m.id_conce = cc.id_conce AND m.id_forma_farm = ff.id_forma_farm AND m.id_comp = c.id_comp AND m.id_cod_atc = ca.id_cod_atc AND m.id_atc=atc.id_atc AND d.desc_denominacao LIKE @p0$$

DELIMITER ;

-- --------------------------------------------------------

--
-- Estrutura da tabela `estoque`
--

CREATE TABLE `estoque` (
  `id_movimento` int(11) NOT NULL,
  `id_medicamento` int(11) NOT NULL,
  `data_vencimento` date DEFAULT NULL,
  `id_acao` int(7) NOT NULL,
  `data_entrada` date NOT NULL,
  `entrada_id_fun` int(11) NOT NULL,
  `origem_id_unidade` int(11) NOT NULL,
  `data_saida` date DEFAULT NULL,
  `saida_id_fun` int(11) NOT NULL,
  `destino_id_unidade` int(11) NOT NULL
) ENGINE=InnoDB DEFAULT CHARSET=utf8;

--
-- Extraindo dados da tabela `estoque`
--

INSERT INTO `estoque` (`id_movimento`, `id_medicamento`, `data_vencimento`, `id_acao`, `data_entrada`, `entrada_id_fun`, `origem_id_unidade`, `data_saida`, `saida_id_fun`, `destino_id_unidade`) VALUES
(1, 3, '2022-11-03', 1, '2022-10-05', 1, 1, NULL, 1, 1),
(2, 3, '2022-10-10', 2, '2022-10-05', 1, 1, '2022-10-07', 1, 1),
(3, 1, '2022-10-07', 1, '2022-10-05', 1, 1, NULL, 1, 1),
(4, 5, '2022-10-26', 1, '2022-10-07', 1, 1, NULL, 1, 1),
(5, 10, '2022-11-23', 1, '2022-10-07', 1, 1, NULL, 1, 1),
(6, 11, '2022-10-23', 1, '2022-10-07', 2, 1, NULL, 2, 1),
(7, 10, '2022-11-23', 1, '2022-10-07', 1, 1, NULL, 2, 1),
(8, 10, '2022-12-23', 1, '2022-10-07', 2, 1, NULL, 1, 1),
(9, 2, '2023-01-23', 1, '2022-10-07', 2, 1, NULL, 1, 1),
(10, 2, '2023-02-23', 1, '2022-10-07', 2, 1, NULL, 1, 1),
(11, 5, '2023-03-23', 1, '2022-10-07', 1, 1, NULL, 1, 1),
(12, 5, '2023-04-23', 1, '2022-10-07', 2, 1, NULL, 2, 1),
(13, 5, '2023-05-23', 1, '2022-10-07', 2, 1, NULL, 1, 1),
(14, 3, '2023-06-23', 1, '2022-10-07', 1, 1, NULL, 1, 1);

-- --------------------------------------------------------

--
-- Estrutura da tabela `est_acao`
--

CREATE TABLE `est_acao` (
  `id_acao` int(11) NOT NULL,
  `acao` varchar(7) DEFAULT NULL
) ENGINE=InnoDB DEFAULT CHARSET=utf8;

--
-- Extraindo dados da tabela `est_acao`
--

INSERT INTO `est_acao` (`id_acao`, `acao`) VALUES
(1, 'Entrada'),
(2, 'Saída');

-- --------------------------------------------------------

--
-- Estrutura da tabela `funcionario`
--

CREATE TABLE `funcionario` (
  `id_fun` int(11) NOT NULL,
  `fun_nome` varchar(200) NOT NULL,
  `fun_doc` int(11) NOT NULL
) ENGINE=InnoDB DEFAULT CHARSET=utf8;

--
-- Extraindo dados da tabela `funcionario`
--

INSERT INTO `funcionario` (`id_fun`, `fun_nome`, `fun_doc`) VALUES
(1, 'Anselmo Roberto', 40556),
(2, 'Roberto Silva', 772);

-- --------------------------------------------------------

--
-- Estrutura da tabela `medicamento`
--

CREATE TABLE `medicamento` (
  `id_medicamento` int(11) NOT NULL,
  `id_deno` int(10) NOT NULL,
  `id_conce` int(10) NOT NULL,
  `id_forma_farm` int(10) NOT NULL,
  `id_cod_atc` int(10) NOT NULL,
  `id_comp` int(10) NOT NULL,
  `id_atc` int(10) NOT NULL
) ENGINE=InnoDB DEFAULT CHARSET=utf8;

--
-- Extraindo dados da tabela `medicamento`
--

INSERT INTO `medicamento` (`id_medicamento`, `id_deno`, `id_conce`, `id_forma_farm`, `id_cod_atc`, `id_comp`, `id_atc`) VALUES
(1, 1, 1, 14, 1, 1, 1),
(2, 2, 2, 14, 2, 1, 1),
(3, 3, 3, 14, 3, 1, 1),
(4, 4, 4, 14, 4, 1, 2),
(5, 5, 5, 14, 5, 1, 2),
(6, 6, 6, 14, 6, 1, 3),
(7, 7, 1, 14, 7, 1, 3),
(8, 7, 7, 14, 7, 1, 3),
(9, 8, 3, 14, 8, 1, 3),
(10, 9, 2, 14, 9, 1, 3),
(11, 9, 1, 14, 9, 1, 3),
(12, 10, 1, 14, 10, 1, 3),
(13, 10, 8, 14, 10, 1, 3),
(14, 11, 9, 14, 11, 1, 3),
(15, 12, 10, 14, 12, 1, 3),
(16, 12, 2, 14, 12, 1, 3),
(17, 13, 4, 14, 13, 1, 3),
(18, 14, 8, 14, 14, 1, 3),
(19, 15, 8, 14, 15, 1, 3),
(20, 16, 11, 14, 16, 1, 3),
(21, 16, 10, 14, 16, 1, 3),
(22, 17, 12, 14, 17, 1, 3),
(23, 17, 13, 14, 17, 1, 3),
(24, 18, 13, 14, 17, 1, 3),
(25, 18, 14, 14, 17, 1, 3),
(26, 19, 4, 14, 18, 1, 3),
(27, 20, 15, 14, 19, 1, 3),
(28, 20, 4, 14, 19, 1, 3),
(29, 21, 2, 14, 20, 1, 4),
(30, 21, 16, 14, 20, 1, 4),
(31, 22, 8, 14, 21, 1, 4),
(32, 22, 6, 14, 21, 1, 4),
(33, 23, 17, 14, 22, 1, 4),
(34, 23, 6, 14, 22, 1, 4),
(35, 23, 18, 14, 22, 1, 4),
(36, 24, 4, 14, 23, 1, 4),
(37, 25, 15, 14, 19, 1, 4),
(38, 25, 4, 14, 19, 1, 4),
(39, 26, 17, 14, 24, 1, 4),
(40, 26, 19, 14, 24, 1, 4),
(41, 27, 20, 14, 25, 1, 5),
(42, 28, 21, 14, 26, 1, 5),
(43, 29, 17, 14, 27, 1, 6),
(44, 30, 4, 14, 28, 1, 6),
(45, 31, 22, 14, 29, 1, 6),
(46, 32, 4, 14, 30, 1, 6),
(47, 33, 15, 14, 31, 1, 6),
(48, 33, 4, 14, 31, 1, 6),
(49, 34, 15, 14, 32, 1, 6),
(50, 34, 4, 14, 32, 1, 6),
(51, 35, 15, 14, 33, 1, 6),
(52, 36, 4, 14, 34, 1, 6),
(53, 37, 15, 14, 35, 1, 6),
(54, 37, 19, 14, 35, 1, 6),
(55, 38, 23, 14, 36, 1, 6),
(56, 39, 24, 14, 37, 1, 7),
(57, 40, 25, 14, 38, 1, 7),
(58, 40, 26, 14, 38, 1, 7),
(59, 40, 27, 14, 38, 1, 7),
(60, 40, 28, 14, 38, 1, 7),
(61, 40, 29, 14, 38, 1, 7),
(62, 41, 8, 14, 39, 1, 7),
(63, 42, 10, 14, 40, 1, 7),
(64, 42, 2, 14, 40, 1, 7),
(65, 43, 30, 14, 41, 1, 8),
(66, 44, 31, 14, 42, 1, 8),
(67, 45, 10, 14, 43, 1, 8),
(68, 46, 32, 14, 44, 1, 8),
(69, 46, 33, 14, 44, 1, 8),
(70, 47, 2, 14, 45, 1, 8),
(71, 48, 34, 14, 46, 1, 8),
(72, 49, 2, 14, 47, 1, 9),
(73, 50, 10, 14, 48, 1, 10),
(74, 50, 2, 14, 48, 1, 10),
(75, 51, 35, 14, 49, 1, 10),
(76, 51, 8, 14, 49, 1, 10),
(77, 52, 1, 14, 50, 1, 10),
(78, 53, 36, 14, 51, 1, 10),
(79, 53, 37, 14, 51, 1, 10),
(80, 53, 38, 14, 51, 1, 10),
(81, 53, 1, 14, 51, 1, 10),
(82, 54, 17, 14, 52, 1, 10),
(83, 55, 1, 14, 53, 1, 10),
(84, 55, 35, 14, 53, 1, 10),
(85, 56, 6, 14, 54, 1, 10),
(86, 56, 39, 14, 54, 1, 10),
(87, 57, 2, 14, 55, 1, 10),
(88, 57, 40, 14, 55, 1, 10),
(89, 58, 41, 14, 56, 1, 10),
(90, 58, 42, 14, 56, 1, 10),
(91, 59, 43, 14, 57, 1, 10),
(92, 60, 1, 14, 58, 1, 10),
(93, 60, 8, 14, 58, 1, 10),
(94, 61, 40, 14, 59, 1, 10),
(95, 62, 38, 14, 60, 1, 10),
(96, 62, 1, 14, 60, 1, 10),
(97, 63, 35, 14, 61, 1, 10),
(98, 64, 10, 14, 62, 1, 10),
(99, 64, 2, 14, 62, 1, 10),
(100, 64, 9, 14, 62, 1, 10),
(101, 65, 3, 14, 63, 1, 10),
(102, 65, 24, 14, 63, 1, 10),
(103, 66, 15, 14, 64, 1, 10),
(104, 67, 9, 14, 65, 1, 10),
(105, 67, 40, 14, 65, 1, 10),
(106, 68, 9, 14, 66, 1, 10),
(107, 68, 40, 14, 66, 1, 10),
(108, 68, 2, 14, 66, 1, 10),
(109, 69, 8, 14, 67, 1, 10),
(110, 24, 8, 14, 68, 1, 11),
(111, 70, 10, 14, 69, 1, 11),
(112, 71, 44, 14, 70, 1, 11),
(113, 72, 11, 14, 71, 1, 11),
(114, 72, 10, 14, 71, 1, 11),
(115, 73, 45, 14, 72, 1, 12),
(116, 74, 46, 14, 73, 1, 12),
(117, 74, 47, 14, 73, 1, 12),
(118, 74, 48, 14, 73, 1, 12),
(119, 75, 4, 14, 74, 1, 12),
(120, 75, 49, 14, 74, 1, 12),
(121, 76, 2, 14, 75, 1, 12),
(122, 77, 24, 14, 76, 1, 12),
(123, 77, 50, 14, 76, 1, 12),
(124, 78, 40, 14, 77, 1, 12),
(125, 79, 6, 14, 78, 1, 12),
(126, 80, 51, 14, 73, 1, 12),
(127, 81, 10, 14, 79, 1, 12),
(128, 82, 41, 14, 80, 1, 12),
(129, 83, 52, 14, 81, 1, 12),
(130, 83, 6, 14, 81, 1, 12),
(131, 84, 53, 14, 82, 2, 13),
(132, 85, 4, 14, 83, 2, 13),
(133, 86, 54, 14, 84, 2, 1),
(134, 86, 55, 14, 84, 2, 1),
(135, 87, 56, 14, 85, 2, 1),
(136, 88, 19, 14, 86, 2, 2),
(137, 89, 2, 14, 87, 2, 3),
(138, 89, 9, 14, 87, 2, 3),
(139, 90, 8, 14, 88, 2, 3),
(140, 91, 10, 14, 89, 2, 3),
(141, 91, 2, 14, 89, 2, 3),
(142, 92, 10, 14, 90, 2, 3),
(143, 92, 2, 14, 90, 2, 3),
(144, 93, 10, 14, 91, 2, 3),
(145, 94, 10, 14, 92, 2, 3),
(146, 95, 1, 14, 93, 2, 3),
(147, 95, 8, 14, 93, 2, 3),
(148, 96, 57, 14, 94, 2, 3),
(149, 96, 43, 14, 94, 2, 3),
(150, 96, 11, 14, 94, 2, 3),
(151, 97, 17, 14, 95, 2, 3),
(152, 98, 1, 14, 96, 2, 3),
(153, 98, 8, 14, 96, 2, 3),
(154, 98, 17, 14, 96, 2, 3),
(155, 98, 6, 14, 96, 2, 3),
(156, 99, 1, 14, 97, 2, 3),
(157, 99, 35, 14, 97, 2, 3),
(158, 99, 8, 14, 97, 2, 3),
(159, 100, 15, 14, 98, 2, 3),
(160, 100, 4, 14, 98, 2, 3),
(161, 100, 58, 14, 98, 2, 3),
(162, 100, 59, 14, 98, 2, 3),
(163, 101, 2, 14, 99, 2, 3),
(164, 102, 60, 14, 100, 2, 3),
(165, 103, 11, 14, 101, 2, 3),
(166, 104, 10, 14, 102, 2, 3),
(167, 104, 2, 14, 102, 2, 3),
(168, 105, 8, 14, 103, 2, 3),
(169, 105, 15, 14, 103, 2, 3),
(170, 106, 35, 14, 104, 2, 3),
(171, 107, 11, 14, 105, 2, 3),
(172, 107, 3, 14, 105, 2, 3),
(173, 107, 61, 14, 105, 2, 3),
(174, 108, 2, 14, 106, 2, 3),
(175, 108, 54, 14, 106, 2, 3),
(176, 109, 1, 14, 107, 2, 3),
(177, 109, 35, 14, 107, 2, 3),
(178, 109, 8, 14, 107, 2, 3),
(179, 110, 4, 14, 108, 2, 3),
(180, 111, 35, 14, 109, 2, 14),
(181, 112, 3, 14, 110, 2, 14),
(182, 112, 24, 14, 110, 2, 14),
(183, 113, 35, 14, 111, 2, 14),
(184, 114, 9, 14, 112, 2, 14),
(185, 115, 60, 14, 113, 2, 14),
(186, 116, 62, 14, 114, 2, 14),
(187, 117, 10, 14, 115, 2, 14),
(188, 118, 15, 14, 116, 2, 4),
(189, 118, 4, 14, 116, 2, 4),
(190, 119, 63, 14, 117, 2, 4),
(191, 120, 55, 14, 118, 2, 4),
(192, 121, 64, 14, 119, 2, 7),
(193, 121, 65, 14, 119, 2, 7),
(194, 122, 64, 14, 120, 2, 7),
(195, 123, 55, 14, 121, 2, 7),
(196, 123, 54, 14, 121, 2, 7),
(197, 124, 35, 14, 122, 2, 9),
(198, 125, 55, 14, 123, 2, 9),
(199, 126, 10, 14, 124, 2, 10),
(200, 126, 2, 14, 124, 2, 10),
(201, 127, 2, 14, 125, 2, 10),
(202, 127, 9, 14, 125, 2, 10),
(203, 127, 40, 14, 125, 2, 10),
(204, 127, 41, 14, 125, 2, 10),
(205, 128, 17, 14, 126, 2, 10),
(206, 129, 66, 14, 127, 2, 10),
(207, 129, 67, 14, 127, 2, 10),
(208, 130, 8, 14, 128, 2, 10),
(209, 131, 9, 14, 129, 2, 10),
(210, 131, 1, 14, 129, 2, 10),
(211, 131, 35, 14, 129, 2, 10),
(212, 132, 18, 14, 130, 2, 10),
(213, 132, 68, 14, 130, 2, 10),
(214, 133, 2, 14, 131, 2, 10),
(215, 133, 9, 14, 131, 2, 10),
(216, 133, 40, 14, 131, 2, 10),
(217, 134, 35, 14, 132, 2, 10),
(218, 134, 8, 14, 132, 2, 10),
(219, 134, 17, 14, 132, 2, 10),
(220, 135, 1, 14, 133, 2, 11),
(221, 135, 35, 14, 133, 2, 11),
(222, 136, 65, 14, 134, 2, 11),
(223, 136, 69, 14, 134, 2, 11),
(224, 136, 70, 14, 134, 2, 11),
(225, 136, 71, 14, 134, 2, 11),
(226, 136, 11, 14, 134, 2, 11),
(227, 136, 72, 14, 134, 2, 11),
(228, 136, 73, 14, 134, 2, 11),
(229, 136, 74, 14, 134, 2, 11),
(230, 137, 35, 14, 135, 2, 12),
(231, 137, 39, 14, 135, 2, 12),
(232, 137, 6, 14, 135, 2, 12),
(233, 138, 2, 14, 136, 2, 12),
(234, 139, 19, 14, 137, 2, 12),
(235, 139, 53, 14, 137, 2, 12),
(236, 140, 4, 14, 138, 2, 12),
(237, 141, 75, 14, 139, 3, 2),
(238, 141, 10, 14, 139, 3, 2),
(239, 142, 39, 14, 140, 3, 2),
(240, 143, 1, 14, 141, 3, 2),
(241, 144, 76, 14, 142, 3, 2),
(242, 145, 77, 14, 143, 3, 2),
(243, 145, 78, 14, 143, 3, 2),
(244, 146, 38, 14, 144, 3, 2),
(245, 146, 8, 14, 144, 3, 2),
(246, 147, 18, 14, 145, 3, 2),
(247, 148, 35, 14, 146, 3, 2),
(248, 149, 8, 14, 147, 3, 14),
(249, 150, 8, 14, 148, 3, 6),
(250, 151, 8, 14, 149, 3, 6),
(251, 152, 19, 14, 150, 3, 6),
(252, 153, 8, 14, 151, 3, 6),
(253, 154, 19, 14, 152, 3, 6),
(254, 155, 54, 14, 153, 3, 6),
(255, 155, 55, 14, 153, 3, 6),
(256, 156, 35, 14, 154, 3, 6),
(257, 156, 8, 14, 154, 3, 6),
(258, 157, 7, 14, 155, 3, 6),
(259, 157, 39, 14, 155, 3, 6),
(260, 157, 18, 14, 155, 3, 6),
(261, 158, 35, 14, 156, 3, 6),
(262, 159, 35, 14, 157, 3, 6),
(263, 160, 18, 14, 158, 3, 6),
(264, 161, 81, 14, 159, 3, 6),
(265, 162, 82, 14, 160, 3, 6),
(266, 162, 11, 14, 160, 3, 6),
(267, 163, 83, 14, 161, 3, 6),
(268, 164, 15, 14, 162, 3, 6),
(269, 165, 8, 14, 163, 3, 6),
(270, 165, 17, 14, 163, 3, 6),
(271, 166, 6, 14, 164, 3, 6),
(272, 167, 84, 14, 165, 3, 6),
(273, 168, 85, 14, 166, 3, 6),
(274, 169, 86, 14, 167, 3, 6),
(275, 170, 87, 14, 168, 3, 6),
(276, 171, 1, 14, 169, 3, 6),
(277, 172, 8, 14, 170, 3, 6),
(278, 172, 6, 14, 170, 3, 6),
(279, 173, 39, 14, 171, 3, 6),
(280, 174, 88, 14, 172, 3, 6),
(281, 175, 15, 14, 173, 3, 6),
(282, 175, 4, 14, 173, 3, 6),
(283, 176, 18, 14, 174, 3, 6),
(284, 177, 13, 14, 175, 3, 6),
(285, 177, 12, 14, 175, 3, 6),
(286, 178, 39, 14, 176, 3, 6),
(287, 179, 17, 14, 177, 3, 6),
(288, 180, 19, 14, 178, 3, 6),
(289, 181, 4, 14, 179, 3, 6),
(290, 182, 19, 14, 180, 3, 6),
(291, 183, 89, 14, 181, 3, 6),
(292, 183, 90, 14, 181, 3, 6),
(293, 184, 91, 14, 182, 3, 6),
(294, 185, 39, 14, 183, 3, 6),
(295, 186, 8, 14, 184, 3, 6),
(296, 187, 19, 14, 185, 3, 6),
(297, 188, 92, 14, 186, 3, 6),
(298, 189, 4, 14, 187, 3, 6),
(299, 190, 6, 14, 188, 3, 6),
(300, 191, 90, 14, 189, 3, 6),
(301, 192, 19, 14, 190, 3, 10),
(302, 193, 15, 14, 191, 3, 11),
(303, 78, 8, 14, 77, 3, 12),
(304, 194, 75, 14, 192, 4, 13),
(305, 195, 75, 14, 192, 4, 13),
(306, 196, 15, 14, 193, 5, 15),
(307, 197, 39, 14, 194, 6, 2),
(308, 198, 82, 14, 195, 7, 14),
(309, 198, 32, 14, 195, 7, 14),
(310, 198, 11, 14, 195, 7, 14),
(311, 199, 4, 14, 196, 7, 14),
(312, 200, 93, 14, 196, 7, 14),
(313, 200, 94, 14, 196, 7, 14),
(314, 201, 11, 14, 197, 7, 14),
(315, 201, 3, 14, 197, 7, 14),
(316, 202, 4, 14, 198, 4, 6),
(317, 202, 15, 14, 198, 4, 6),
(318, 203, 9, 14, 199, 4, 7),
(319, 203, 10, 14, 199, 4, 7),
(320, 204, 82, 14, 200, 8, 9),
(321, 205, 7, 14, 201, 7, 11),
(322, 206, 8, 14, 202, 6, 12),
(323, 207, 95, 59, 203, 1, 13),
(324, 208, 96, 59, 204, 1, 13),
(325, 209, 97, 59, 205, 1, 13),
(326, 210, 98, 59, 206, 1, 13),
(327, 210, 99, 59, 206, 1, 13),
(328, 210, 100, 59, 206, 1, 13),
(329, 211, 17, 59, 207, 1, 13),
(330, 212, 101, 59, 208, 2, 15),
(331, 1, 102, 59, 1, 1, 1),
(332, 86, 103, 59, 84, 2, 1),
(333, 213, 104, 59, 209, 2, 1),
(334, 214, 39, 59, 210, 2, 1),
(335, 215, 105, 59, 211, 1, 1),
(336, 216, 106, 59, 212, 3, 2),
(337, 217, 107, 59, 213, 1, 3),
(338, 217, 108, 59, 213, 1, 3),
(339, 10, 109, 59, 10, 1, 3),
(340, 218, 110, 59, 214, 1, 3),
(341, 219, 111, 59, 214, 1, 3),
(342, 219, 112, 59, 214, 1, 3),
(343, 219, 113, 59, 214, 1, 3),
(344, 92, 96, 59, 90, 2, 3),
(345, 220, 114, 59, 215, 1, 3),
(346, 221, 115, 59, 16, 1, 3),
(347, 12, 109, 59, 12, 1, 3),
(348, 13, 116, 59, 13, 1, 3),
(349, 14, 115, 59, 14, 1, 3),
(350, 15, 104, 59, 15, 1, 3),
(351, 16, 109, 59, 16, 1, 3),
(352, 222, 109, 59, 8, 1, 3),
(353, 108, 96, 59, 106, 2, 3),
(354, 223, 117, 59, 216, 2, 14),
(355, 224, 9, 59, 217, 2, 14),
(356, 224, 40, 59, 217, 2, 14),
(357, 225, 40, 59, 218, 2, 14),
(358, 226, 96, 59, 219, 2, 14),
(359, 227, 118, 59, 220, 3, 14),
(360, 228, 119, 59, 221, 2, 14),
(361, 228, 120, 59, 221, 2, 14),
(362, 228, 121, 59, 221, 2, 14),
(363, 229, 17, 59, 222, 2, 14),
(364, 230, 35, 59, 223, 7, 14),
(365, 231, 109, 59, 224, 9, 14),
(366, 232, 1, 59, 225, 2, 14),
(367, 232, 35, 59, 225, 2, 14),
(368, 233, 122, 59, 226, 2, 14),
(369, 234, 35, 59, 227, 2, 14),
(370, 115, 102, 59, 113, 2, 14),
(371, 235, 123, 59, 228, 2, 14),
(372, 236, 124, 59, 229, 2, 14),
(373, 237, 96, 59, 230, 2, 14),
(374, 238, 109, 59, 231, 7, 14),
(375, 239, 123, 59, 232, 2, 14),
(376, 240, 125, 59, 233, 2, 14),
(377, 241, 126, 59, 234, 2, 4),
(378, 242, 96, 59, 235, 2, 4),
(379, 242, 123, 59, 235, 2, 4),
(380, 242, 103, 59, 235, 2, 4),
(381, 243, 127, 59, 236, 2, 4),
(382, 244, 55, 59, 237, 2, 4),
(383, 245, 128, 59, 238, 1, 6),
(384, 246, 129, 59, 239, 9, 6),
(385, 247, 130, 59, 240, 3, 6),
(386, 248, 131, 59, 241, 2, 6),
(387, 248, 132, 59, 241, 2, 6),
(388, 248, 133, 59, 241, 2, 6),
(389, 248, 134, 59, 241, 2, 6),
(390, 249, 135, 59, 242, 3, 6),
(391, 249, 136, 59, 242, 3, 6),
(392, 249, 137, 59, 242, 3, 6),
(393, 249, 138, 59, 242, 3, 6),
(394, 249, 139, 59, 242, 3, 6),
(395, 250, 140, 59, 243, 3, 6),
(396, 251, 141, 59, 244, 3, 6),
(397, 252, 35, 59, 245, 3, 6),
(398, 252, 8, 59, 245, 3, 6),
(399, 254, 143, 59, 247, 3, 6),
(400, 255, 144, 59, 247, 3, 6),
(401, 256, 145, 59, 247, 3, 6),
(402, 257, 146, 59, 248, 3, 6),
(403, 258, 147, 59, 247, 3, 6),
(404, 259, 148, 59, 249, 3, 6),
(405, 260, 149, 59, 247, 3, 6),
(406, 261, 150, 59, 246, 3, 6),
(407, 262, 151, 59, 246, 3, 6),
(408, 263, 152, 59, 246, 3, 6),
(409, 264, 153, 59, 250, 3, 6),
(410, 265, 154, 59, 251, 3, 6),
(411, 38, 155, 59, 36, 1, 6),
(412, 266, 156, 59, 252, 3, 6),
(413, 267, 129, 59, 253, 3, 6),
(414, 268, 129, 59, 254, 3, 6),
(415, 269, 129, 59, 255, 3, 6),
(416, 270, 129, 59, 256, 3, 6),
(417, 271, 129, 59, 257, 3, 6),
(418, 272, 96, 59, 258, 3, 6),
(419, 121, 157, 59, 119, 2, 7),
(420, 121, 158, 59, 119, 2, 7),
(421, 273, 55, 59, 259, 2, 7),
(422, 273, 159, 59, 259, 2, 7),
(423, 273, 42, 59, 259, 2, 7),
(424, 274, 97, 59, 260, 2, 7),
(425, 275, 160, 59, 37, 1, 7),
(426, 276, 161, 59, 261, 2, 7),
(427, 277, 162, 59, 262, 2, 7),
(428, 277, 163, 59, 262, 2, 7),
(429, 277, 164, 59, 262, 2, 7),
(430, 277, 165, 59, 262, 2, 7),
(431, 277, 166, 59, 262, 2, 7),
(432, 277, 167, 59, 262, 2, 7),
(433, 278, 168, 59, 263, 1, 8),
(434, 54, 115, 59, 52, 1, 10),
(435, 279, 169, 59, 264, 1, 10),
(436, 280, 109, 59, 265, 1, 10),
(437, 281, 170, 59, 266, 1, 10),
(438, 281, 171, 59, 266, 1, 10),
(439, 58, 172, 59, 56, 1, 10),
(440, 282, 173, 59, 267, 1, 10),
(441, 61, 96, 59, 59, 1, 10),
(442, 283, 128, 59, 268, 1, 10),
(443, 284, 128, 59, 269, 9, 11),
(444, 285, 174, 59, 270, 1, 11),
(445, 286, 175, 59, 271, 9, 11),
(446, 287, 139, 59, 272, 2, 11),
(447, 287, 176, 59, 272, 2, 11),
(448, 287, 177, 59, 272, 2, 11),
(449, 287, 178, 59, 272, 2, 11),
(450, 287, 179, 59, 272, 2, 11),
(451, 288, 180, 59, 273, 1, 11),
(452, 289, 181, 59, 274, 1, 11),
(453, 290, 182, 59, 275, 1, 11),
(454, 291, 183, 59, 276, 1, 11),
(455, 291, 184, 59, 276, 1, 11),
(456, 292, 185, 59, 277, 9, 11),
(457, 293, 186, 59, 278, 3, 11),
(458, 293, 103, 59, 278, 3, 11),
(459, 293, 187, 59, 278, 3, 11),
(460, 293, 188, 59, 278, 3, 11),
(461, 294, 189, 59, 279, 2, 11),
(462, 294, 190, 59, 279, 2, 11),
(463, 295, 191, 59, 280, 1, 11),
(464, 296, 192, 59, 281, 1, 11),
(465, 297, 123, 59, 282, 2, 11),
(466, 298, 193, 59, 283, 1, 11),
(467, 299, 10, 59, 284, 2, 12),
(468, 300, 128, 59, 285, 2, 12),
(469, 76, 109, 59, 75, 1, 12),
(470, 301, 10, 59, 286, 2, 12),
(471, 302, 194, 59, 287, 2, 12),
(472, 303, 195, 59, 288, 1, 12),
(473, 304, 196, 59, 289, 2, 12),
(474, 305, 185, 59, 290, 1, 12),
(475, 306, 197, 59, 291, 1, 12),
(476, 306, 198, 59, 291, 1, 12),
(477, 307, 199, 59, 292, 1, 12),
(478, 308, 134, 48, 293, 3, 13),
(479, 309, 4, 48, 294, 2, 13),
(480, 213, 104, 48, 209, 2, 1),
(481, 310, 200, 48, 295, 3, 2),
(482, 311, 6, 48, 296, 3, 2),
(483, 223, 15, 48, 216, 2, 14),
(484, 312, 201, 48, 297, 2, 14),
(485, 312, 202, 48, 297, 2, 14),
(486, 312, 203, 48, 297, 2, 14),
(487, 313, 204, 48, 298, 3, 14),
(488, 313, 205, 48, 298, 3, 14),
(489, 313, 206, 48, 298, 3, 14),
(490, 314, 9, 48, 299, 9, 14),
(491, 315, 207, 48, 300, 2, 14),
(492, 316, 1, 48, 301, 9, 14),
(493, 317, 8, 48, 302, 2, 14),
(494, 318, 188, 48, 303, 2, 14),
(495, 319, 6, 48, 304, 2, 14),
(496, 320, 208, 48, 305, 2, 4),
(497, 320, 209, 48, 305, 2, 4),
(498, 321, 35, 48, 306, 3, 6),
(499, 322, 35, 48, 306, 3, 6),
(500, 323, 202, 48, 307, 4, 6),
(501, 324, 132, 48, 308, 3, 6),
(502, 325, 8, 48, 149, 3, 6),
(503, 326, 210, 48, 309, 3, 6),
(504, 248, 131, 48, 241, 2, 6),
(505, 248, 132, 48, 241, 2, 6),
(506, 248, 133, 48, 241, 2, 6),
(507, 248, 134, 48, 241, 2, 6),
(508, 327, 132, 48, 310, 3, 6),
(509, 328, 129, 48, 311, 3, 6),
(510, 329, 129, 48, 312, 3, 6),
(511, 330, 129, 48, 313, 3, 6),
(512, 331, 129, 48, 314, 3, 6),
(513, 332, 129, 48, 315, 3, 6),
(514, 333, 4, 48, 316, 7, 7),
(515, 277, 162, 48, 262, 2, 7),
(516, 277, 163, 48, 262, 2, 7),
(517, 277, 164, 48, 262, 2, 7),
(518, 277, 165, 48, 262, 2, 7),
(519, 277, 211, 48, 262, 2, 7),
(520, 277, 167, 48, 262, 2, 7),
(521, 287, 139, 48, 272, 2, 11),
(522, 287, 176, 48, 272, 2, 11),
(523, 287, 177, 48, 272, 2, 11),
(524, 287, 178, 48, 272, 2, 11),
(525, 287, 179, 48, 272, 2, 11),
(526, 334, 2, 48, 317, 9, 11),
(527, 334, 9, 48, 317, 9, 11),
(528, 334, 35, 48, 317, 9, 11),
(529, 335, 137, 48, 318, 3, 11),
(530, 335, 138, 48, 318, 3, 11),
(531, 336, 209, 48, 319, 3, 11),
(532, 336, 212, 48, 319, 3, 11),
(533, 336, 213, 48, 319, 3, 11),
(534, 337, 214, 48, 320, 9, 11),
(535, 338, 215, 48, 321, 3, 11),
(536, 339, 216, 48, 321, 3, 11),
(537, 339, 137, 48, 321, 3, 11),
(538, 339, 138, 48, 321, 3, 11),
(539, 339, 139, 48, 321, 3, 11),
(540, 339, 217, 48, 321, 3, 11),
(541, 340, 218, 48, 322, 3, 11),
(542, 340, 219, 48, 322, 3, 11),
(543, 340, 220, 48, 322, 3, 11),
(544, 341, 139, 48, 323, 3, 11),
(545, 341, 137, 48, 323, 3, 11),
(546, 341, 216, 48, 323, 3, 11),
(547, 342, 216, 48, 324, 3, 11),
(548, 342, 137, 48, 324, 3, 11),
(549, 342, 139, 48, 324, 3, 11),
(550, 343, 216, 48, 323, 3, 11),
(551, 343, 137, 48, 323, 3, 11),
(552, 343, 139, 48, 323, 3, 11),
(553, 344, 216, 48, 325, 3, 11),
(554, 345, 132, 48, 326, 3, 11),
(555, 346, 54, 48, 327, 9, 11),
(556, 346, 40, 48, 327, 9, 11),
(557, 346, 35, 48, 327, 9, 11),
(558, 347, 35, 48, 328, 2, 12),
(559, 348, 221, 48, 329, 2, 12),
(560, 349, 222, 48, 330, 2, 12),
(561, 350, 222, 48, 331, 2, 12),
(562, 351, 129, 62, 332, 10, 13),
(563, 351, 129, 60, 332, 10, 13),
(564, 351, 129, 61, 332, 10, 13),
(565, 351, 129, 63, 332, 10, 13),
(566, 352, 223, 1, 333, 10, 13),
(567, 353, 223, 1, 333, 10, 13),
(568, 355, 129, 33, 333, 11, 13),
(569, 356, 230, 54, 333, 10, 13),
(570, 357, 170, 54, 333, 10, 13),
(571, 357, 231, 54, 333, 4, 13),
(572, 358, 129, 87, 333, 10, 13),
(573, 360, 129, 7, 333, 11, 13),
(574, 361, 129, 2, 333, 11, 13),
(575, 361, 129, 3, 333, 11, 13),
(576, 362, 129, 87, 333, 10, 13),
(577, 363, 129, 87, 333, 10, 13),
(578, 364, 171, 67, 335, 5, 15),
(579, 365, 233, 82, 336, 9, 1),
(580, 365, 102, 65, 336, 9, 1),
(581, 366, 115, 84, 337, 3, 2),
(582, 367, 39, 15, 338, 3, 3),
(583, 368, 234, 4, 339, 3, 3),
(584, 368, 235, 4, 339, 3, 3),
(585, 368, 236, 4, 339, 3, 3),
(586, 368, 3, 36, 339, 3, 3),
(587, 368, 3, 44, 339, 3, 3),
(588, 230, 2, 11, 223, 7, 14),
(589, 230, 1, 11, 223, 7, 14),
(590, 230, 35, 11, 223, 7, 14),
(591, 230, 8, 11, 223, 7, 14),
(592, 230, 104, 68, 223, 7, 14),
(593, 369, 2, 8, 340, 3, 14),
(594, 369, 35, 8, 340, 3, 14),
(595, 201, 173, 68, 197, 7, 14),
(596, 238, 11, 8, 231, 7, 14),
(597, 238, 10, 8, 231, 7, 14),
(598, 370, 237, 37, 341, 3, 6),
(599, 371, 109, 81, 306, 3, 6),
(600, 202, 101, 51, 198, 4, 6),
(601, 372, 35, 8, 342, 3, 6),
(602, 372, 8, 8, 342, 3, 6),
(603, 325, 8, 23, 149, 3, 6),
(604, 160, 17, 8, 158, 3, 6),
(605, 160, 103, 68, 158, 3, 6),
(606, 373, 238, 49, 343, 3, 6),
(607, 374, 15, 8, 344, 3, 6),
(608, 374, 4, 8, 344, 3, 6),
(609, 375, 115, 84, 345, 3, 6),
(610, 376, 54, 8, 346, 3, 6),
(611, 376, 125, 8, 346, 3, 6),
(612, 376, 7, 8, 346, 3, 6),
(613, 173, 96, 68, 171, 3, 6),
(614, 176, 128, 73, 174, 3, 6),
(615, 177, 239, 68, 175, 3, 6),
(616, 179, 96, 84, 177, 3, 6),
(617, 181, 240, 84, 179, 3, 6),
(618, 181, 39, 17, 179, 3, 6),
(619, 182, 8, 18, 180, 3, 6),
(620, 377, 15, 8, 347, 3, 6),
(621, 378, 39, 8, 348, 3, 6),
(622, 183, 241, 26, 181, 3, 6),
(623, 379, 242, 26, 349, 3, 6),
(624, 190, 123, 68, 188, 3, 6),
(625, 380, 6, 8, 350, 3, 6),
(626, 381, 15, 8, 351, 3, 6),
(627, 382, 15, 11, 352, 3, 6),
(628, 382, 104, 68, 352, 3, 6),
(629, 383, 129, 81, 353, 3, 6),
(630, 384, 129, 81, 353, 3, 6),
(631, 385, 129, 81, 354, 3, 6),
(632, 386, 129, 81, 354, 3, 6),
(633, 387, 129, 81, 354, 3, 6),
(634, 388, 129, 81, 355, 3, 6),
(635, 389, 129, 81, 356, 3, 6),
(636, 390, 129, 81, 356, 3, 6),
(637, 391, 129, 50, 357, 3, 6),
(638, 392, 129, 84, 358, 3, 6),
(639, 393, 129, 81, 359, 3, 6),
(640, 394, 129, 81, 360, 3, 6),
(641, 395, 129, 50, 361, 3, 6),
(642, 396, 129, 81, 362, 3, 6),
(643, 397, 129, 81, 255, 3, 6),
(644, 398, 129, 68, 363, 3, 6),
(645, 399, 129, 50, 364, 3, 6),
(646, 400, 129, 84, 365, 3, 6),
(647, 401, 10, 47, 366, 3, 6),
(648, 272, 8, 8, 258, 3, 6),
(649, 272, 96, 68, 258, 3, 6),
(650, 402, 243, 75, 367, 10, 7),
(651, 403, 129, 40, 368, 10, 8),
(652, 404, 244, 33, 369, 10, 9),
(653, 404, 244, 54, 369, 10, 9),
(654, 405, 245, 11, 370, 3, 12),
(655, 405, 246, 11, 370, 3, 12),
(656, 408, 67, 20, 372, 2, 13),
(657, 408, 15, 20, 372, 2, 13),
(658, 408, 4, 20, 372, 2, 13),
(659, 409, 247, 67, 373, 2, 15),
(660, 410, 96, 83, 374, 2, 15),
(661, 411, 123, 67, 375, 2, 15),
(662, 412, 128, 67, 376, 2, 15),
(663, 413, 248, 67, 377, 2, 15),
(664, 414, 249, 67, 378, 2, 15),
(665, 415, 173, 71, 379, 2, 1),
(666, 416, 250, 71, 380, 2, 1),
(667, 417, 251, 46, 381, 2, 1),
(668, 418, 252, 55, 382, 2, 1),
(669, 419, 253, 5, 383, 2, 1),
(670, 419, 253, 12, 383, 2, 1),
(671, 419, 253, 46, 383, 2, 1),
(672, 419, 254, 12, 383, 2, 1),
(673, 86, 255, 68, 84, 2, 1),
(674, 420, 256, 12, 384, 2, 1),
(675, 420, 256, 46, 384, 2, 1),
(676, 421, 257, 12, 385, 2, 1),
(677, 421, 257, 46, 385, 2, 1),
(678, 421, 258, 12, 385, 2, 1),
(679, 421, 258, 46, 385, 2, 1),
(680, 422, 115, 89, 386, 2, 3),
(681, 423, 42, 8, 387, 2, 3),
(682, 423, 259, 8, 387, 2, 3),
(683, 424, 6, 8, 388, 2, 3),
(684, 424, 19, 8, 388, 2, 3),
(685, 100, 104, 68, 98, 2, 3),
(686, 107, 173, 68, 105, 2, 3),
(687, 425, 33, 8, 389, 2, 3),
(688, 425, 61, 8, 389, 2, 3),
(689, 425, 260, 8, 389, 2, 3),
(690, 425, 5, 8, 389, 2, 3),
(691, 425, 128, 68, 389, 2, 3),
(692, 425, 261, 4, 389, 2, 3),
(693, 425, 262, 4, 389, 2, 3),
(694, 108, 96, 68, 106, 2, 3),
(695, 108, 54, 9, 106, 2, 3),
(696, 108, 55, 9, 106, 2, 3),
(697, 108, 8, 9, 106, 2, 3),
(698, 426, 9, 8, 390, 2, 3),
(699, 427, 40, 8, 391, 2, 3),
(700, 428, 263, 38, 392, 2, 14),
(701, 428, 264, 38, 392, 2, 14),
(702, 429, 265, 50, 393, 2, 14),
(703, 429, 266, 50, 393, 2, 14),
(704, 429, 125, 50, 393, 2, 14),
(705, 430, 96, 70, 394, 2, 14),
(706, 431, 82, 8, 395, 2, 14),
(707, 432, 4, 8, 396, 2, 14),
(708, 433, 265, 50, 397, 2, 14),
(709, 433, 266, 50, 397, 2, 14),
(710, 434, 75, 22, 398, 2, 14),
(711, 435, 15, 8, 399, 2, 4),
(712, 436, 50, 9, 400, 2, 4),
(713, 436, 267, 9, 400, 2, 4),
(714, 436, 268, 9, 400, 2, 4),
(715, 437, 6, 58, 401, 2, 6),
(716, 121, 97, 66, 119, 2, 7),
(717, 274, 2, 50, 260, 2, 7),
(718, 274, 9, 50, 260, 2, 7),
(719, 274, 54, 50, 260, 2, 7),
(720, 438, 269, 78, 402, 2, 7),
(721, 439, 2, 8, 403, 2, 9),
(722, 439, 1, 8, 403, 2, 9),
(723, 440, 270, 52, 404, 2, 9),
(724, 441, 2, 11, 405, 2, 9),
(725, 441, 9, 11, 405, 2, 9),
(726, 442, 271, 28, 406, 2, 9),
(727, 442, 271, 57, 406, 2, 9),
(728, 443, 8, 8, 407, 2, 9),
(729, 443, 17, 8, 407, 2, 9),
(730, 444, 4, 15, 408, 2, 10),
(731, 128, 19, 15, 126, 2, 10),
(732, 445, 4, 8, 409, 2, 10),
(733, 446, 17, 8, 410, 2, 10),
(734, 446, 15, 10, 410, 2, 10),
(735, 447, 272, 74, 411, 2, 11),
(736, 448, 273, 11, 412, 2, 12),
(737, 448, 274, 11, 412, 2, 12),
(738, 449, 60, 8, 413, 2, 12),
(739, 450, 273, 11, 414, 2, 12),
(740, 451, 275, 64, 415, 2, 12),
(741, 452, 276, 64, 415, 2, 12),
(742, 453, 275, 64, 416, 2, 12),
(743, 139, 4, 15, 137, 2, 12),
(744, 139, 15, 80, 137, 2, 12),
(745, 139, 4, 80, 137, 2, 12),
(746, 139, 59, 80, 137, 2, 12),
(747, 139, 96, 32, 137, 2, 12),
(748, 454, 8, 8, 417, 2, 12),
(749, 455, 179, 8, 418, 2, 12),
(750, 455, 277, 8, 418, 2, 12),
(751, 456, 15, 8, 419, 2, 12),
(752, 457, 278, 27, 333, 1, 13),
(753, 458, 279, 53, 420, 1, 15),
(754, 39, 280, 53, 421, 1, 15),
(755, 39, 281, 83, 421, 1, 15),
(756, 459, 282, 67, 422, 1, 15),
(757, 459, 283, 67, 422, 1, 15),
(758, 460, 107, 67, 423, 1, 15),
(759, 460, 283, 67, 423, 1, 15),
(760, 461, 284, 53, 424, 1, 15),
(761, 461, 109, 67, 424, 1, 15),
(762, 462, 285, 69, 425, 1, 15),
(763, 463, 185, 71, 426, 1, 1),
(764, 463, 286, 72, 426, 1, 1),
(765, 419, 287, 85, 427, 1, 1),
(766, 419, 28, 85, 427, 1, 1),
(767, 419, 288, 85, 427, 1, 1),
(768, 291, 289, 66, 428, 1, 1),
(769, 464, 290, 72, 429, 1, 1),
(770, 464, 290, 85, 429, 1, 1),
(771, 464, 291, 47, 429, 1, 1),
(772, 464, 291, 72, 429, 1, 1),
(773, 464, 292, 72, 429, 1, 1),
(774, 464, 291, 13, 429, 1, 1),
(775, 464, 293, 47, 429, 1, 1),
(776, 464, 293, 13, 429, 1, 1),
(777, 2, 173, 89, 2, 1, 1),
(778, 3, 95, 68, 3, 1, 1),
(779, 3, 95, 89, 3, 1, 1),
(780, 215, 252, 6, 430, 1, 1),
(781, 215, 109, 71, 430, 1, 1),
(782, 465, 101, 84, 431, 1, 2),
(783, 4, 96, 84, 4, 1, 2),
(784, 466, 101, 84, 432, 1, 2),
(785, 466, 19, 18, 432, 1, 2),
(786, 467, 279, 39, 433, 1, 2),
(787, 467, 294, 39, 433, 1, 2),
(788, 468, 172, 68, 434, 1, 3),
(789, 8, 24, 15, 8, 1, 3),
(790, 10, 101, 68, 10, 1, 3),
(791, 11, 9, 8, 11, 1, 3),
(792, 281, 104, 77, 435, 1, 3),
(793, 469, 2, 8, 436, 1, 3),
(794, 469, 1, 8, 436, 1, 3),
(795, 469, 35, 8, 436, 1, 3),
(796, 469, 7, 8, 436, 1, 3),
(797, 13, 116, 68, 13, 1, 3),
(798, 14, 123, 84, 14, 1, 3),
(799, 15, 101, 68, 15, 1, 3),
(800, 16, 128, 68, 16, 1, 3),
(801, 17, 12, 8, 17, 1, 3),
(802, 470, 128, 68, 437, 1, 3),
(803, 19, 295, 68, 18, 1, 3),
(804, 20, 15, 8, 19, 1, 3),
(805, 20, 115, 89, 19, 1, 3),
(806, 20, 115, 68, 19, 1, 3),
(807, 23, 115, 84, 22, 1, 4),
(808, 25, 15, 8, 19, 1, 4),
(809, 25, 115, 68, 19, 1, 4),
(810, 25, 115, 89, 19, 1, 4),
(811, 26, 123, 84, 24, 1, 4),
(812, 27, 20, 8, 25, 1, 5),
(813, 27, 20, 68, 25, 1, 5),
(814, 27, 20, 86, 25, 1, 5),
(815, 471, 296, 35, 333, 1, 5),
(816, 471, 296, 42, 333, 1, 5),
(817, 472, 297, 28, 438, 1, 5),
(818, 472, 298, 33, 438, 1, 5),
(819, 473, 299, 8, 439, 1, 5),
(820, 473, 299, 86, 439, 1, 5),
(821, 474, 300, 8, 333, 1, 5),
(822, 474, 300, 86, 333, 1, 5),
(823, 474, 300, 84, 333, 1, 5),
(824, 474, 300, 31, 333, 1, 5),
(825, 28, 21, 8, 26, 1, 5),
(826, 28, 21, 16, 26, 1, 5),
(827, 29, 15, 48, 27, 1, 6),
(828, 30, 115, 84, 28, 1, 6),
(829, 30, 4, 8, 28, 1, 6),
(830, 31, 301, 84, 29, 1, 6),
(831, 475, 302, 50, 29, 1, 6),
(832, 475, 302, 81, 29, 1, 6),
(833, 475, 303, 50, 29, 1, 6),
(834, 475, 303, 81, 29, 1, 6),
(835, 476, 304, 50, 440, 1, 6),
(836, 32, 4, 8, 30, 1, 6),
(837, 32, 115, 84, 30, 1, 6),
(838, 477, 4, 48, 441, 1, 6),
(839, 478, 15, 48, 442, 1, 6),
(840, 478, 132, 48, 442, 1, 6),
(841, 478, 4, 48, 442, 1, 6),
(842, 34, 115, 84, 32, 1, 6),
(843, 34, 4, 8, 32, 1, 6),
(844, 35, 15, 8, 33, 1, 6),
(845, 35, 102, 84, 33, 1, 6),
(846, 479, 6, 8, 34, 1, 6),
(847, 479, 39, 8, 443, 1, 6),
(848, 458, 4, 8, 444, 1, 6),
(849, 36, 102, 84, 34, 1, 6),
(850, 36, 115, 84, 34, 1, 6),
(851, 245, 39, 8, 238, 1, 6),
(852, 245, 96, 84, 238, 1, 6),
(853, 245, 8, 8, 238, 1, 6),
(854, 480, 96, 68, 445, 1, 6),
(855, 480, 8, 8, 445, 1, 6),
(856, 481, 8, 8, 446, 1, 6),
(857, 481, 109, 84, 446, 1, 6),
(858, 482, 6, 8, 447, 1, 6),
(859, 482, 39, 8, 447, 1, 6),
(860, 38, 306, 84, 36, 1, 6),
(861, 483, 307, 81, 448, 1, 7),
(862, 39, 97, 30, 37, 1, 7),
(863, 484, 173, 68, 449, 1, 7),
(864, 484, 255, 68, 449, 1, 7),
(865, 485, 8, 48, 450, 1, 7),
(866, 485, 4, 48, 450, 1, 7),
(867, 486, 308, 29, 451, 1, 8),
(868, 43, 309, 29, 41, 1, 8),
(869, 37, 310, 35, 452, 1, 8),
(870, 487, 26, 25, 453, 1, 8),
(871, 487, 253, 25, 453, 1, 8),
(872, 47, 2, 8, 45, 1, 8),
(873, 488, 311, 29, 454, 1, 8),
(874, 489, 279, 28, 455, 1, 9),
(875, 29, 312, 28, 456, 1, 9),
(876, 490, 313, 52, 457, 1, 9),
(877, 491, 279, 52, 458, 1, 9),
(878, 492, 314, 88, 459, 1, 9),
(879, 281, 314, 33, 460, 1, 9),
(880, 39, 280, 28, 461, 1, 9),
(881, 493, 315, 75, 462, 1, 9),
(882, 494, 316, 79, 463, 1, 9),
(883, 494, 316, 33, 463, 1, 9),
(884, 495, 317, 28, 464, 1, 9),
(885, 488, 311, 39, 465, 1, 9),
(886, 488, 311, 45, 465, 1, 9),
(887, 488, 311, 28, 465, 1, 9),
(888, 496, 129, 41, 466, 1, 9),
(889, 497, 318, 43, 467, 1, 9),
(890, 498, 8, 21, 468, 1, 9),
(891, 498, 319, 45, 468, 1, 9),
(892, 499, 320, 33, 469, 1, 9),
(893, 499, 313, 33, 469, 1, 9),
(894, 500, 321, 75, 470, 1, 9),
(895, 501, 322, 28, 471, 1, 9),
(896, 502, 279, 28, 472, 1, 9),
(897, 49, 115, 81, 473, 1, 9),
(898, 49, 188, 81, 473, 1, 9),
(899, 59, 248, 30, 57, 1, 10),
(900, 503, 10, 24, 474, 1, 10),
(901, 504, 1, 15, 67, 1, 10),
(902, 504, 35, 15, 67, 1, 10),
(903, 504, 8, 15, 67, 1, 10),
(904, 70, 323, 68, 69, 1, 11),
(905, 71, 324, 89, 70, 1, 11),
(906, 71, 325, 68, 70, 1, 11),
(907, 505, 129, 51, 475, 1, 12),
(908, 76, 160, 68, 75, 1, 12),
(909, 77, 24, 19, 76, 1, 12),
(910, 77, 50, 19, 76, 1, 12),
(911, 493, 326, 56, 476, 1, 12),
(912, 506, 327, 76, 477, 1, 12),
(913, 506, 328, 80, 477, 1, 12),
(914, 82, 54, 15, 80, 1, 12),
(915, 82, 55, 15, 80, 1, 12),
(916, 83, 329, 84, 81, 1, 12),
(917, 507, 195, 81, 478, 1, 12),
(918, 508, 330, 89, 479, 1, 12),
(919, 509, 331, 84, 480, 1, 12),
(920, 488, 311, 34, 481, 1, 12),
(921, 510, 2, 8, 482, 1, 12),
(922, 510, 9, 8, 482, 1, 12),
(923, 405, 332, 68, 370, 1, 12),
(924, 511, 333, 49, 483, 1, 12),
(925, 306, 129, 49, 484, 1, 12),
(926, 307, 2, 18, 292, 1, 12),
(927, 307, 160, 89, 292, 1, 12),
(928, 253, 334, 59, 246, 3, 6),
(929, 354, 224, 1, 333, 10, 13),
(930, 354, 225, 1, 333, 10, 13),
(931, 354, 226, 1, 333, 10, 13),
(932, 354, 227, 1, 333, 10, 13),
(933, 354, 228, 1, 333, 10, 13),
(934, 354, 229, 1, 333, 10, 13),
(935, 359, 334, 45, 334, 3, 13),
(936, 406, 129, 1, 371, 2, 13),
(937, 407, 129, 1, 371, 2, 13);

-- --------------------------------------------------------

--
-- Estrutura da tabela `med_atc`
--

CREATE TABLE `med_atc` (
  `id_atc` int(11) NOT NULL,
  `desc_atc` varchar(80) NOT NULL
) ENGINE=InnoDB DEFAULT CHARSET=utf8;

--
-- Extraindo dados da tabela `med_atc`
--

INSERT INTO `med_atc` (`id_atc`, `desc_atc`) VALUES
(1, 'Aparelho respiratório'),
(2, 'Produtos antiparasitários, inseticidas e repelentes'),
(3, 'Sistema nervoso'),
(4, 'Sistema musculoesquelético'),
(5, 'Fitoterápicos'),
(6, 'Anti-infecciosos para uso sistêmico'),
(7, 'Preparações hormonais sistêmicas, excluindo hormônios sexuais e insulinas'),
(8, 'Aparelho geniturinário e hormônios sexuais'),
(9, 'Medicamentos dermatológicos'),
(10, 'Aparelho cardiovascular'),
(11, 'Sangue e órgãos hematopoéticos'),
(12, 'Aparelho digestivo e metabolismo'),
(13, 'Vários'),
(14, 'Agentes antineoplásicos e imunomoduladores'),
(15, 'Órgãos sensitivos');

-- --------------------------------------------------------

--
-- Estrutura da tabela `med_codigo_atc`
--

CREATE TABLE `med_codigo_atc` (
  `id_cod_atc` int(11) NOT NULL,
  `desc_cod_atc` varchar(20) NOT NULL
) ENGINE=InnoDB DEFAULT CHARSET=utf8;

--
-- Extraindo dados da tabela `med_codigo_atc`
--

INSERT INTO `med_codigo_atc` (`id_cod_atc`, `desc_cod_atc`) VALUES
(1, 'R06AD02'),
(2, 'R06AX13'),
(3, 'R06AB02'),
(4, 'P01AC04'),
(5, 'P02CF01'),
(6, 'N05AN01'),
(7, 'N06AA09'),
(8, 'N04AA02'),
(9, 'N06AA04'),
(10, 'N05AA01'),
(11, 'N06AB03'),
(12, 'N05BA01'),
(13, 'N02BB02'),
(14, 'N03AB02'),
(15, 'N03AA02'),
(16, 'N05AD01'),
(17, 'N04BA02'),
(18, 'N02BE01'),
(19, 'N03AG01'),
(20, 'M05BA04'),
(21, 'M04AA01'),
(22, 'M01AE01'),
(23, 'N02BA01'),
(24, 'N03AF01'),
(25, 'HC10AW 5006*'),
(26, 'HM01AW 5009*'),
(27, 'J05AB01'),
(28, 'J01CA04'),
(29, 'J01CR02'),
(30, 'J01DB01'),
(31, 'J01MA02'),
(32, 'J01FA09'),
(33, 'J01BA01'),
(34, 'J01FA01'),
(35, 'J01XD01'),
(36, 'J01EE01'),
(37, 'H02AB02'),
(38, 'H03AA01'),
(39, 'H03BA02'),
(40, 'H03BB02'),
(41, 'G03CA57'),
(42, 'G03AA07'),
(43, 'G04CB01'),
(44, 'G03AC03'),
(45, 'G02C'),
(46, 'G03AC01'),
(47, 'G03DA02'),
(48, 'C08CA01'),
(49, 'C07AB03'),
(50, 'C09AA01'),
(51, 'C07AG02'),
(52, 'C01BD01'),
(53, 'C02DB02'),
(54, 'C01BC03'),
(55, 'C07AA05'),
(56, 'C08DA01'),
(57, 'C01AA05'),
(58, 'C03DA01'),
(59, 'C03CA01'),
(60, 'C03AA03'),
(61, 'C09CA01'),
(62, 'C09AA02'),
(63, 'C02CA04'),
(64, 'C02AB01'),
(65, 'C01DA14'),
(66, 'C10AA01'),
(67, 'C07AB02'),
(68, 'B01AC06'),
(69, 'B03BB01'),
(70, 'B03AA07'),
(71, 'B01AA03'),
(72, 'A12AA04'),
(73, 'A11CC05'),
(74, 'A10BA02'),
(75, 'A03FA01'),
(76, 'A04AA01'),
(77, 'A11HA02'),
(78, 'A11DA01'),
(79, 'A10BB01'),
(80, 'A10BB09'),
(81, 'A02AB01'),
(82, 'V03AE02'),
(83, 'V03AC02'),
(84, 'R05DA04'),
(85, 'R07AX02'),
(86, 'P01BA02'),
(87, 'N05BA09'),
(88, 'N04BB01'),
(89, 'N06DA02'),
(90, 'N07BC02'),
(91, 'N04BD01'),
(92, 'N04AA01'),
(93, 'N05AH02'),
(94, 'N04BC05'),
(95, 'N04BX02'),
(96, 'N05AH04'),
(97, 'N03AX09'),
(98, 'N03AX14'),
(99, 'N06DX01'),
(100, 'N04BC01'),
(101, 'N04BD02'),
(102, 'N05AH03'),
(103, 'N03AA03'),
(104, 'N07XX02'),
(105, 'N05AX08'),
(106, 'N02AA01'),
(107, 'N03AX11'),
(108, 'N03AG04'),
(109, 'L04AX01'),
(110, 'L04AA37'),
(111, 'L01AA01'),
(112, 'L04AA13'),
(113, 'L04AX03'),
(114, 'L04AA31'),
(115, 'L04AA29'),
(116, 'M01AE02'),
(117, 'M05BA07'),
(118, 'N07AA02'),
(119, 'H01BA02'),
(120, 'H02AA02'),
(121, 'H05BX01'),
(122, 'G03HA01'),
(123, 'G03XC01'),
(124, 'C02KX02'),
(125, 'C10AA05'),
(126, 'C10AB02'),
(127, 'C02KX01'),
(128, 'C10AB08'),
(129, 'C01CE'),
(130, 'C10AB04'),
(131, 'C10AA03'),
(132, 'C09DX04'),
(133, 'B02BX05'),
(134, 'B01AC27'),
(135, 'A05AA02'),
(136, 'A10BK01'),
(137, 'A07EC02'),
(138, 'A07EC01'),
(139, 'P01BA03'),
(140, 'P01BA07'),
(141, 'P01BD01'),
(142, 'P01BF01'),
(143, 'P01BF02'),
(144, 'P01CA02'),
(145, 'P02BA01'),
(146, 'P02CB02'),
(147, 'L04AX02'),
(148, 'J04AK05'),
(149, 'J01AA02'),
(150, 'J04AK02'),
(151, 'J01AA08'),
(152, 'J01MA14'),
(153, 'J05AX14'),
(154, 'J04BA02'),
(155, 'J05AE10'),
(156, 'J04AK06'),
(157, 'J05AX12'),
(158, 'J05AG03'),
(159, 'J05AP54'),
(160, 'J05AF10'),
(161, 'J01FA02'),
(162, 'J04AD03'),
(163, 'J05AG04'),
(164, 'J05AF07'),
(165, 'J05AR03'),
(166, 'J05AR12'),
(167, 'J05AR11'),
(168, 'J05AP57'),
(169, 'J05AF13'),
(170, 'J04AC01'),
(171, 'J05AF05'),
(172, 'J05AP51'),
(173, 'J01MA12'),
(174, 'J01XX08'),
(175, 'J05AR10'),
(176, 'J05AX09'),
(177, 'J05AG01'),
(178, 'J01MA01'),
(179, 'J04AK01'),
(180, 'J05AX08'),
(181, 'J04AM02'),
(182, 'J04AM06'),
(183, 'J04AB05'),
(184, 'J05AE03'),
(185, 'J05AX15'),
(186, 'J05AP55'),
(187, 'J01EC02'),
(188, 'J05AF06'),
(189, 'J05AR01'),
(190, 'C04AD03'),
(191, 'B02AA02'),
(192, 'V03AF03'),
(193, 'S01EC01'),
(194, 'P01BA01'),
(195, 'L04AA18'),
(196, 'L04AA'),
(197, 'L04AA10'),
(198, 'J01FA10'),
(199, 'H02AB07'),
(200, 'G02CB03; N04BC06'),
(201, 'B01AC04'),
(202, 'A16AX07'),
(203, 'V03AB15'),
(204, 'V03AB14'),
(205, 'V03AB25'),
(206, 'V06DC01'),
(207, 'V03AB04'),
(208, 'S01LA05'),
(209, 'R03DX09'),
(210, 'R03DX05'),
(211, 'R03CC02'),
(212, 'P01CB01'),
(213, 'N01BB01'),
(214, 'N01BB52'),
(215, 'N01BB54'),
(216, 'L04AA24'),
(217, 'L03AX13'),
(218, 'L04AB04'),
(219, 'L04AA34'),
(220, 'L03AB11'),
(221, 'L03AB07'),
(222, 'L04AB05'),
(223, 'L04AD01'),
(224, 'L04AC01'),
(225, 'L04AB01'),
(226, 'L03AA02'),
(227, 'L04AB06'),
(228, 'L04AA23'),
(229, 'L04AC18'),
(230, 'L01XC02'),
(231, 'L04AD02'),
(232, 'L04AC07'),
(233, 'L04AC05'),
(234, 'M05BA08'),
(235, 'M05BX05'),
(236, 'M09AX07'),
(237, 'M05BA03'),
(238, 'J02AC01'),
(239, 'J06BB01'),
(240, 'J06BB02'),
(241, 'J06BA02'),
(242, 'J06BB04'),
(243, 'J06BB05'),
(244, 'J06BB03'),
(245, 'J06BB16'),
(246, 'J06AA'),
(247, 'J06AA03'),
(248, 'J06AA04'),
(249, 'J06AA01'),
(250, 'J06AA06'),
(251, 'J06AA02'),
(252, 'J01GB06'),
(253, 'J07AP03'),
(254, 'J07AH08'),
(255, 'J07AL02'),
(256, 'J07AL01'),
(257, 'J07BF03'),
(258, 'J05AF01'),
(259, 'H01CB03'),
(260, 'H01CB02'),
(261, 'H05BX02'),
(262, 'H01AC01'),
(263, 'G03AA05'),
(264, 'C01CA07'),
(265, 'C01CA04'),
(266, 'C01BB01; N01BB02'),
(267, 'C01CA03'),
(268, 'C01CA24'),
(269, 'B01AC13'),
(270, 'B05XA08'),
(271, 'B05AA01'),
(272, 'B03XA'),
(273, 'B05XA02'),
(274, 'B03BA01'),
(275, 'B05XA01'),
(276, 'B05XA03'),
(277, 'B01AC17'),
(278, 'B02BX06'),
(279, 'B01AB05'),
(280, 'B05XA06'),
(281, 'B01AB01'),
(282, 'B03AC'),
(283, 'B05BB01'),
(284, 'A16AB12'),
(285, 'A16AB18'),
(286, 'A16AB08'),
(287, 'A16AB09'),
(288, 'A10AB01'),
(289, 'A16AB05'),
(290, 'A03BA01'),
(291, 'A12CC02; B05XA05'),
(292, 'A12CB01'),
(293, 'V03AB33'),
(294, 'V03AC01'),
(295, 'P01BE03'),
(296, 'P01CX01'),
(297, 'L03AB05'),
(298, 'L03AB10'),
(299, 'L04AC02'),
(300, 'L03AB08'),
(301, 'L04AA04'),
(302, 'L04AB02'),
(303, 'L04AC10'),
(304, 'L04AA33'),
(305, 'M03AX01'),
(306, 'J02AA01'),
(307, 'J01CE01'),
(308, 'J04AB30'),
(309, 'J05AX07'),
(310, 'J01GA01'),
(311, 'J07BL01'),
(312, 'J07AG01'),
(313, 'J07BD52'),
(314, 'J07BD54'),
(315, 'J07BK01'),
(316, 'H02AB04'),
(317, 'B01AD02'),
(318, 'B02BD01'),
(319, 'B02BD03'),
(320, 'B01AD01'),
(321, 'B02BD04'),
(322, 'B02BD05'),
(323, 'B02BD02'),
(324, 'B02BD06'),
(325, 'B02BD07'),
(326, 'B02BB01'),
(327, 'B01AD11'),
(328, 'A16AB07'),
(329, 'A16AB11'),
(330, 'A16AB10'),
(331, 'A16AB02'),
(332, 'V07AB'),
(333, 'NC'),
(334, 'V06DX'),
(335, 'S01EB01'),
(336, 'R07AA'),
(337, 'P02BA02'),
(338, 'N06AX12'),
(339, 'N07BA01'),
(340, 'L01XX09'),
(341, 'J04AA01'),
(342, 'J04BA01'),
(343, 'J01CE02'),
(344, 'J02AX01'),
(345, 'J05AE07'),
(346, 'J05AH02'),
(347, 'J05AB04'),
(348, 'J04AB04'),
(349, 'J04AM05'),
(350, 'J05AE08'),
(351, 'J04AK03'),
(352, 'J05AE09'),
(353, 'J07AM51'),
(354, 'J07AJ51'),
(355, 'J07CA11'),
(356, 'J07BC02'),
(357, 'J07AN01'),
(358, 'J07AE01'),
(359, 'J07BC01'),
(360, 'J07BB02'),
(361, 'J07AH07'),
(362, 'J07BM01'),
(363, 'J07BF02'),
(364, 'J07BG01'),
(365, 'J07BH01'),
(366, 'J05AH01'),
(367, 'H03CA'),
(368, 'G02BA02'),
(369, 'D08AX08'),
(370, 'A11CA01'),
(371, 'V06CA'),
(372, 'V03AC03'),
(373, 'S01EE03'),
(374, 'S01EC04'),
(375, 'S01EC03'),
(376, 'S01EA05'),
(377, 'S01EE01'),
(378, 'S01EE04'),
(379, 'R05CB13'),
(380, 'R03AL06'),
(381, 'R03AL03'),
(382, 'R03AC04'),
(383, 'R03BA02'),
(384, 'R03AC13'),
(385, 'R03AK07'),
(386, 'N03AD01'),
(387, 'N07XX09'),
(388, 'N03AX12'),
(389, 'N06DA03'),
(390, 'N07XX08'),
(391, 'N05AE04'),
(392, 'L02AE03'),
(393, 'L02AE02'),
(394, 'L04AA25'),
(395, 'L04AA27'),
(396, 'L01XX05'),
(397, 'L02AE04'),
(398, 'L04AA44'),
(399, 'M01CC01'),
(400, 'N06DA04'),
(401, 'J01GB01'),
(402, 'H05BA'),
(403, 'D05BB02'),
(404, 'D05AX02'),
(405, 'D10BA01'),
(406, 'D07AD01'),
(407, 'G03XA01'),
(408, 'C10AD02'),
(409, 'C10AB09'),
(410, 'C10AB05'),
(411, 'B01AC11'),
(412, 'A11CC03'),
(413, 'A11HA05'),
(414, 'A11CC04'),
(415, 'A10AE'),
(416, 'A10AB'),
(417, 'A16AX06'),
(418, 'A09AA'),
(419, 'A16AX12'),
(420, 'S01AA09'),
(421, 'S01BA01'),
(422, 'S01KA02'),
(423, 'S01ED01'),
(424, 'S01AA11'),
(425, 'S02AA11'),
(426, 'R03BB01'),
(427, 'R01AD05'),
(428, 'R01AX10'),
(429, 'R03BA01'),
(430, 'R03AC02'),
(431, 'P01AB01'),
(432, 'P02CA03'),
(433, 'P03AC04'),
(434, 'N03AE01'),
(435, 'N01BB02'),
(436, 'N06AA10'),
(437, 'N05CD08'),
(438, 'HD02WA 5001*'),
(439, 'HA06AB 5014*'),
(440, 'J01CE30'),
(441, 'J01DD01'),
(442, 'J01DD04'),
(443, 'J01FF01'),
(444, 'J01AA07'),
(445, 'J02AC02'),
(446, 'J01XE01'),
(447, 'J04AB02'),
(448, 'H02AB01'),
(449, 'H02AB06'),
(450, 'H02AB09'),
(451, 'G03CA04'),
(452, 'G01AF01'),
(453, 'G02AD06'),
(454, 'G01AF04'),
(455, 'D07AA02'),
(456, 'D06BB03'),
(457, 'D02AF'),
(458, 'D05AA'),
(459, 'D01AC08'),
(460, 'D04AB01'),
(461, 'D07AB19'),
(462, 'D08AC02'),
(463, 'D10AF01'),
(464, 'D06BB10'),
(465, 'D01AC02'),
(466, 'D02AC'),
(467, 'D02AB'),
(468, 'D08AX06'),
(469, 'D10AE01'),
(470, 'D11AF'),
(471, 'D06BB04'),
(472, 'D06BA01'),
(473, 'G03AC06'),
(474, 'C01DA08'),
(475, 'A07BA01'),
(476, 'A01AB03'),
(477, 'A06AG04'),
(478, 'A10AC01'),
(479, 'A06AD11'),
(480, 'A07AA02'),
(481, 'A01AB09'),
(482, 'A02BC01'),
(483, 'A07CA'),
(484, 'A06AD04');

-- --------------------------------------------------------

--
-- Estrutura da tabela `med_componente`
--

CREATE TABLE `med_componente` (
  `id_comp` int(11) NOT NULL,
  `desc_comp` varchar(40) NOT NULL
) ENGINE=InnoDB DEFAULT CHARSET=utf8;

--
-- Extraindo dados da tabela `med_componente`
--

INSERT INTO `med_componente` (`id_comp`, `desc_comp`) VALUES
(1, 'Básico'),
(2, 'Especializado'),
(3, 'Estratégico'),
(4, 'Básico e Estratégico'),
(5, 'Básico e Especializado'),
(6, 'Estratégico e Especializado'),
(7, 'Especializado e Hospitalar'),
(8, 'Básico, Especializado e Hospitalar'),
(9, 'Hospitalar'),
(10, 'Insumos (Básico)'),
(11, 'Insumos (Estratégico)');

-- --------------------------------------------------------

--
-- Estrutura da tabela `med_concentracao_composicao`
--

CREATE TABLE `med_concentracao_composicao` (
  `id_conce` int(11) NOT NULL,
  `desc_conce` varchar(360) NOT NULL
) ENGINE=InnoDB DEFAULT CHARSET=utf8;

--
-- Extraindo dados da tabela `med_concentracao_composicao`
--

INSERT INTO `med_concentracao_composicao` (`id_conce`, `desc_conce`) VALUES
(1, '25 mg'),
(2, '10 mg'),
(3, '2 mg'),
(4, '500 mg'),
(5, '6 mg'),
(6, '300 mg'),
(7, '75 mg'),
(8, '100 mg'),
(9, '20 mg'),
(10, '5 mg'),
(11, '1 mg'),
(12, '100 mg + 25 mg'),
(13, '200 mg + 50 mg'),
(14, '250 mg + 25 mg'),
(15, '250 mg'),
(16, '70 mg'),
(17, '200 mg'),
(18, '600 mg'),
(19, '400 mg'),
(20, '24 a 48 mg de derivados de ácido cafeoilquínico expressos em ácido clorogênico (dose diária)'),
(21, '30 a 100 mg de harpagosídeo ou 45 a 150 mg de iridoides totais expressos em harpagosídeos (dose diária)'),
(22, '500 mg + 125 mg'),
(23, '400 mg + 80 mg'),
(24, '4 mg'),
(25, '12,5 microgramas'),
(26, '25 microgramas'),
(27, '37,5 microgramas'),
(28, '50 microgramas'),
(29, '100 microgramas'),
(30, '0,3 mg'),
(31, '0,03 mg + 0,15 mg'),
(32, '0,75 mg'),
(33, '1,5 mg'),
(34, '0,35 mg'),
(35, '50 mg'),
(36, '3,125 mg'),
(37, '6,25 mg'),
(38, '12,5 mg'),
(39, '150 mg'),
(40, '40 mg'),
(41, '80 mg'),
(42, '120 mg'),
(43, '0,25 mg'),
(44, '40 mg (Ferro elementar)'),
(45, '1.250 mg (500 mg de cálcio)'),
(46, '1.250 mg (500 mg de cálcio) + 200 unidades internacionais'),
(47, '1.250 mg (500 mg de cálcio) + 400 unidades internacionais'),
(48, '1.500 mg (600 mg de cálcio) + 400 unidades internacionais'),
(49, '850 mg'),
(50, '8 mg'),
(51, '1661,616 mg (600 mg de cálcio) + 400 unidades internacionais'),
(52, '230 mg'),
(53, '800 mg'),
(54, '30 mg'),
(55, '60 mg'),
(56, ' 150 mg'),
(57, '0,125 mg'),
(58, '750 mg'),
(59, '1.000 mg'),
(60, '2,5 mg'),
(61, '3 mg'),
(62, ' 14 mg'),
(63, '35 mg'),
(64, '0,1 mg'),
(65, '0,2 mg'),
(66, '62,5 mg'),
(67, '125 mg'),
(68, '900 mg'),
(69, '0,4 mg'),
(70, '0,6 mg'),
(71, '0,8 mg'),
(72, '1,2 mg'),
(73, '1,4 mg'),
(74, '1,6 mg'),
(75, '15 mg'),
(76, '20 mg + 120 mg'),
(77, '25 mg + 55 mg'),
(78, '100 mg + 220 mg'),
(79, '50 mg*'),
(80, '100 mg*'),
(81, '50 mg + 100 mg'),
(82, '0,5 mg'),
(83, '1.500.000 unidades internacionais'),
(84, '300 mg + 200 mg'),
(85, '300 mg + 300 mg'),
(86, '300 mg + 300 mg + 600 mg'),
(87, '100 mg + 40 mg'),
(88, ' 90 mg + 100 mg'),
(89, '150 mg + 75 mg'),
(90, '300 mg + 150 mg'),
(91, '150 mg + 75 mg + 400 mg + 275 mg'),
(92, '400 mg + 100 mg'),
(93, '180 mg'),
(94, '360 mg'),
(95, '0,4 mg/mL'),
(96, '10 mg/mL'),
(97, '0,1 mg/mL'),
(98, '50 mg/mL (5%)'),
(99, '100 mg/mL (10%)'),
(100, '500 mg/mL (50%)'),
(101, '40 mg/mL'),
(102, '25 mg/mL'),
(103, '30 mg/mL'),
(104, '100 mg/mL'),
(105, '0,5 mg/mL'),
(106, '300 mg/mL'),
(107, '2,5 mg/mL (0,25%)'),
(108, '5 mg/mL (0,50%)'),
(109, '5 mg/mL'),
(110, '50 mg/mL + 75 mg/mL (5% + 7,5%)'),
(111, '2% + 1:200.000'),
(112, '2% + 1:80.000'),
(113, '1% + 1:200.000'),
(114, '30 mg/mL (3%) + 0,03 unidades internacionais/mL'),
(115, '50 mg/mL'),
(116, '500 mg/mL'),
(117, '125 mg/mL'),
(118, '180 microgramas'),
(119, '22 microgramas (6.000.000 unidades internacionais)'),
(120, '30 microgramas (6.000.000 unidades internacionais)'),
(121, '44 microgramas (12.000.000 unidades internacionais)'),
(122, '300 microgramas'),
(123, '20 mg/mL'),
(124, '75 mg/ 0,83 mL'),
(125, '45 mg'),
(126, '5 mg/100 mL'),
(127, '2,4 mg/mL'),
(128, '2 mg/mL'),
(129, 'NC'),
(130, '250 unidades internacionais/Ml'),
(131, '0,5 g'),
(132, '1 g'),
(133, '2,5 g'),
(134, '5 g'),
(135, '100 unidades internacionais'),
(136, '180 - 200 unidades internacionais/ml'),
(137, '500 unidades internacionais'),
(138, '600 unidades internacionais'),
(139, '1.000 unidades internacionais'),
(140, '150 unidades internacionais/ml'),
(141, '125 unidades internacionais/ 2,5 mL'),
(142, 'cada mL contém imunoglobulinas que neutralizam, no mínimo, 1,5 Dose Mínima Mortal (DMN) de veneno de Tityus serrulatus (1,5 DMM/mL), 1,5 DMM de veneno de Phoneutria nigriventer (1,5 DMM/ mL) e 15 DMN (Dose Mínima Necrosante) de veneno de Loxosceles gaucho (15 DMN/mL)'),
(143, 'cada mL contém imunoglobulinas (IgG) que neutralizam, no mínimo, 5 mg de veneno de Bothrops jararaca (5 mg/mL)'),
(144, 'cada mL contém imunoglobulinas que neutralizam, no mínimo, 5 mg de veneno de Bothrops jararaca e a 1,5 mg de veneno de Crotalus durissus terrifcus (5 mg/ mL e 1,5 mg/mL)'),
(145, 'cada mL contém imunoglobulinas que neutralizam, no mínimo, 5 mg de veneno de Bothrops jararaca e 3 mg de veneno de Lachesis muta (5 mg/mL e 3 mg/mL)'),
(146, 'cada mL contém imunoglobulinas que neutralizam, no mínimo, 375 unidades internacionais de toxina butolínica tipo A e 275 unidades internacionais de toxina butolínica tipo B (375 unidades internacionais/ mL e 275 unidades internacionais/ mL)'),
(147, 'cada mL contém imunoglobulinas que neutralizam, no mínimo, 1,5 mg de veneno Crotalus durissus terrifcus (1,5 mg/mL)'),
(148, 'cada mL contém imunoglobulinas que neutralizam, no mínimo, 1.000 unidades internacionais de toxina diftérica (1.000 unidades internacionais/ mL)'),
(149, 'cada mL contém imunoglobulinas que neutralizam, no mínimo, 1,5 mg de veneno de Micrurus frontalis (1,5 mg/mL)'),
(150, 'cada mL contém imunoglobulinas que neutralizam, no mínimo 1,5 DMM (Dose Mínima Mortal) de veneno de Tityus serrulatus 1,5 DMM/mL)'),
(151, 'cada mL contém imunoglobulinas que neutralizam, no mínimo, 0,35 mg de veneno de Lonomia obliqua (0,35 mg/mL)'),
(152, 'cada mL contém imunoglobulinas que neutralizam, no mínimo, 15 DMN (Dose Mínima Necrosante) de veneno de aranhas das espécies Loxosceles laeta, Loxosceles gaucho e Loxosceles intermedia (15 DMN/mL)'),
(153, 'cada mL contém imonoglobulinas que neutralizam, no mínimo, 200 unidades internacionais de vírus da raiva (200 unidades internacionais/ mL)'),
(154, 'cada mL contém imunoglobulinas que neutralizam, no mínimo, 1.000 unidades internacionais de toxina tetânica'),
(155, '80 mg/mL + 16 mg/mL'),
(156, '250 mg/mL'),
(157, '4 microgramas/mL'),
(158, '15 microgramas/mL'),
(159, '90 mg'),
(160, '4 mg/mL'),
(161, '5 microgramas/mL'),
(162, '4 unidades internacionais'),
(163, '12 unidades internacionais'),
(164, '15 unidades internacionais'),
(165, '16 unidades internacionais'),
(166, '18 unidades internacionais'),
(167, '30 unidades internacionais'),
(168, '50 mg/mL + 5 mg/mL'),
(169, '12,5 mg/mL'),
(170, '10 mg/mL (1%)'),
(171, '20 mg/mL (2%)'),
(172, '2,5 mg/mL'),
(173, '1 mg/mL'),
(174, '2 mEq/mL'),
(175, '0,2 g/mL (20%)'),
(176, '2.000 unidades internacionais'),
(177, '3.000 unidades internacionais'),
(178, '4.000 unidades internacionais'),
(179, '10.000 unidades internacionais'),
(180, '1 mEq/mL (8,4%)'),
(181, '1.000 microgramas'),
(182, '2,56 mEq/mL (19,1%)'),
(183, '3,4 mEq/mL (20%)'),
(184, '0,9% (0,154 mEq/mL)'),
(185, '0,25 mg/mL'),
(186, '60 mg/0,4 mL'),
(187, '105 mg/ 0,7 mL'),
(188, '150 mg/ml'),
(189, '40 mg/0,4 mL'),
(190, '60 mg/0,6 mL'),
(191, '0,03 g/mL + 0,1567 g/mL'),
(192, '5.000 unidades internacionais/0,25 mL'),
(193, 'lactato de sódio 3 mg/ mL + cloreto de sódio 6 mg/mL + cloreto de potássio 0,3 mg/mL + cloreto de cálcio 0,2 mg/Ml'),
(194, ' 2 mg/mL'),
(195, '100 unidades internacionais/mL'),
(196, '0,58 mg/mL'),
(197, '10% (0,81 mEq/mL Mg++)'),
(198, '50% (4,05 mEq/mL Mg++)'),
(199, '200 microgramas/mL'),
(200, '60 mg/mL'),
(201, '3.000.000 unidades internacionais'),
(202, '5.000.000 unidades internacionais'),
(203, '10.000.000 unidades internacionais'),
(204, '118,4 microgramas (80 microgramas/0,5 mL após reconstituição)'),
(205, '148 microgramas (100 microgramas/0,5 mL após reconstituição)'),
(206, '177,6 microgramas (120 microgramas/0,5 mL após reconstituição)'),
(207, '300 microgramas (9.600.000 unidades internacionais)'),
(208, '100 unidades'),
(209, '500 unidades'),
(210, '90 mg/mL'),
(211, '24 unidades internacionais'),
(212, '1.000 unidades'),
(213, '2.500 unidades'),
(214, '250.000 unidades internacionais'),
(215, '200 unidades internacionais'),
(216, '250 unidades internacionais'),
(217, '1.200 unidades internacionais'),
(218, '1 mg (50.000 unidades internacionais)'),
(219, '2 mg (100.000 unidades internacionais)'),
(220, '5 mg (250.000 unidades internacionais)'),
(221, '200 unidades'),
(222, '400 unidades'),
(223, ' -'),
(224, '60 mm de diâmetro'),
(225, '65 mm de diâmetro'),
(226, '70 mm de diâmetro'),
(227, '75 mm de diâmetro'),
(228, '80 mm de diâmetro'),
(229, '85 mm de diâmetro'),
(230, '0,02'),
(231, '25 mg/mL (2,5%)'),
(232, 'cada sachê de 1 g contém: vitamina A 400 microgramas, vitamina D 5 microgramas, vitamina E 5 mg, vitamina C 30 mg, vitamina B1 0,5 mg, vitamina B2 0,5 mg, vitamina B6 0,5 mg, vitamina PP 6 mg, vitamina B9 150 microgramas, vitamina B12 0,9 microgramas, ferro 10 mg, zinco 4,1 mg, cobre 560 microgramas, selênio 17 microgramas, iodo 90 microgramas'),
(233, '80 mg/mL'),
(234, '7 mg'),
(235, '14 mg'),
(236, '21 mg'),
(237, '4 g'),
(238, '80.000 unidades internacionais/mL'),
(239, '80 mg/mL + 20 mg/mL'),
(240, '30 mg/mL (3%)'),
(241, '75 mg + 50 mg'),
(242, '75 mg + 50 mg + 150 mg'),
(243, '20 mg/mL + 40 mg/mL'),
(244, '70% (FN)'),
(245, '100.000 unidades internacionais'),
(246, '200.000 unidades internacionais'),
(247, '0,3 mg/mL (0,03%)'),
(248, '0,05 mg/mL'),
(249, '0,04 mg/mL'),
(250, '2,5 mcg + 2,5 mcg'),
(251, ' 62,5 mcg + 25 mcg'),
(252, '100 microgramas/dose'),
(253, '200 microgramas'),
(254, '400 microgramas'),
(255, '3 mg/mL'),
(256, '12 microgramas'),
(257, '6 microgramas + 200 microgramas'),
(258, '12 microgramas + 400 microgramas'),
(259, '240 mg'),
(260, '4,5 mg'),
(261, '9 mg'),
(262, '18 mg'),
(263, '3,6 mg'),
(264, '10,8 mg'),
(265, '3,75 mg'),
(266, '11,25 mg'),
(267, '16 mg'),
(268, '24 mg'),
(269, '200 unidades internacionais/dose'),
(270, '50 microgramas/g -0,005%'),
(271, '0,5 mg/g'),
(272, '10 microgramas/mL'),
(273, '0,25 micrograma'),
(274, '1 micrograma'),
(275, '100  unidades internacionais/mL'),
(276, '300 unidades internacionais/mL'),
(277, '25.000 unidades internacionais'),
(278, 'conforme Farmacopeia Homeopática Brasileira 3ª edição'),
(279, '10 mg/g (1%)'),
(280, '1 mg/g (0,1%)'),
(281, '1 mg/mL (0,1%)'),
(282, '3 mg/mL (0,3%)'),
(283, '5 mg/mL (0,5%)'),
(284, '5 mg/g'),
(285, '10.000 ui/ml + 3,500 mg/ml + 0,250 mg/ml + 20 mg/ml'),
(286, '20 microgramas/dose'),
(287, '32 microgramas'),
(288, '64 microgramas'),
(289, '0,9% (9 mg/mL)'),
(290, '50 microgramas/dose'),
(291, '200 microgramas/dose'),
(292, '250 microgramas/dose'),
(293, '400 microgramas/dose'),
(294, '50 mg/g (5% )'),
(295, '200 mg/mL'),
(296, '1,932 mg de ácido gálico (dose diária)'),
(297, '10%-70% gel fresco'),
(298, '10&-70% gel fresco'),
(299, '20 a 30 mg de derivados hidroxiantracênicos expressos em cascarosídeo A (dose diária)'),
(300, '60 a 90 mg taninos totais expressos em pirogalol (dose diária)'),
(301, '50 mg/mL + 12,5 mg/mL'),
(302, '600.000 unidades internacionais'),
(303, '1.200.000 unidades internacionais'),
(304, '300.000 unidades internacionais + 100.000 unidades internacionais'),
(305, '150 mg*'),
(306, '40 mg/mL + 8 mg/mL'),
(307, '3 mg/mL + 3 mg/mL'),
(308, '1 mg/g'),
(309, '0,625 mg/g'),
(310, '100 mg/g (10%)'),
(311, '2% (20 mg/g)'),
(312, '50 mg/g (5%)'),
(313, '50 mg/g (5%) (FN)'),
(314, '20 mg/g (2%)'),
(315, '2% a 4%'),
(316, '10 mg/g'),
(317, '50 mg/g'),
(318, 'FN'),
(319, '100 mg (FN)'),
(320, '25 mg/g (2,5%) (FN)'),
(321, '100 mg/mL (10%) a 250 mg/mL (25%) (FN)'),
(322, '1,5 mg/g'),
(323, '0,2 mg/mL'),
(324, '5 mg/mL (Ferro elementar)'),
(325, '25 mg/mL (Ferro elementar)'),
(326, '0,0012'),
(327, '120 mg/mL'),
(328, '72 mg'),
(329, '61,5 mg/mL'),
(330, '667 mg/mL'),
(331, '100.000 unidades internacionais/mL'),
(332, '150.000 unidades internacionais/mL'),
(333, 'cloreto de sódio, glicose anidra, cloreto de potássio, citrato de sódio diidratado'),
(334, 'NÃO INFORMADO');

-- --------------------------------------------------------

--
-- Estrutura da tabela `med_denominacao`
--

CREATE TABLE `med_denominacao` (
  `id_deno` int(11) NOT NULL,
  `desc_denominacao` varchar(150) NOT NULL
) ENGINE=InnoDB DEFAULT CHARSET=utf8;

--
-- Extraindo dados da tabela `med_denominacao`
--

INSERT INTO `med_denominacao` (`id_deno`, `desc_denominacao`) VALUES
(1, 'cloridrato de prometazina'),
(2, 'loratadina'),
(3, 'maleato de dexclorfeniramina'),
(4, 'teclozana'),
(5, 'ivermectina'),
(6, 'carbonato de lítio'),
(7, 'cloridrato de amitriptilina'),
(8, 'cloridrato de biperideno'),
(9, 'cloridrato de clomipramina'),
(10, 'cloridrato de clorpromazina'),
(11, 'cloridrato de fluoxetina'),
(12, 'diazepam'),
(13, 'dipirona'),
(14, 'fenitoína'),
(15, 'fenobarbital'),
(16, 'haloperidol'),
(17, 'levodopa + benserazida'),
(18, 'levodopa + carbidopa'),
(19, 'paracetamol'),
(20, 'valproato de sódio'),
(21, 'alendronato de sódio'),
(22, 'alopurinol'),
(23, 'ibuprofeno'),
(24, 'ácido acetilsalicílico'),
(25, 'ácido valproico'),
(26, 'carbamazepina'),
(27, 'alcachofra (Cynara scolymus L.)'),
(28, 'garra-do-diabo (Harpagophytum procumbens DC ex Meissn.)'),
(29, 'aciclovir'),
(30, 'amoxicilina'),
(31, 'amoxicilina + clavulanato de potássio'),
(32, 'cefalexina'),
(33, 'ciprofloxacino'),
(34, 'claritromicina'),
(35, 'cloranfenicol'),
(36, 'estolato de eritromicina'),
(37, 'metronidazol'),
(38, 'sulfametoxazol + trimetoprima'),
(39, 'dexametasona'),
(40, 'levotiroxina sódica'),
(41, 'propiltiouracila'),
(42, 'tiamazol'),
(43, 'estrogênios conjugados'),
(44, 'etinilestradiol + levonorgestrel'),
(45, 'finasterida'),
(46, 'levonorgestrel'),
(47, 'nifedipino'),
(48, 'noretisterona'),
(49, 'acetato de droxiprogesterona'),
(50, 'anlodipino'),
(51, 'atenolol'),
(52, 'captopril'),
(53, 'carvedilol'),
(54, 'cloridrato de amiodarona'),
(55, 'cloridrato de hidralazina'),
(56, 'cloridrato de propafenona'),
(57, 'cloridrato de propranolol'),
(58, 'cloridrato de verapamil'),
(59, 'digoxina'),
(60, 'espironolactona'),
(61, 'furosemida'),
(62, 'hidroclorotiazida'),
(63, 'losartana potássica'),
(64, 'maleato de enalapril'),
(65, 'mesilato de doxazosina'),
(66, 'metildopa'),
(67, 'mononitrato de isossorbida'),
(68, 'sinvastatina'),
(69, 'tartarato de metoprolol'),
(70, 'ácido fólico'),
(71, 'sulfato ferroso'),
(72, 'varfarina sódica'),
(73, 'carbonato de cálcio'),
(74, 'carbonato de cálcio + colecalciferol'),
(75, 'cloridrato de metformina'),
(76, 'cloridrato de metoclopramida'),
(77, 'cloridrato de ondansetrona'),
(78, 'cloridrato de piridoxina'),
(79, 'cloridrato de tiamina'),
(80, 'fosfato de cálcio tribásico + colecalciferol'),
(81, 'glibenclamida'),
(82, 'gliclazida'),
(83, 'hidróxido de alumínio'),
(84, 'cloridrato de sevelâmer'),
(85, 'deferiprona'),
(86, 'fosfato de codeína'),
(87, 'ivacaftor'),
(88, 'sulfato de hidroxicloroquina'),
(89, 'clobazam'),
(90, 'cloridrato de amantadina'),
(91, 'cloridrato de donepezila'),
(92, 'cloridrato de metadona'),
(93, 'cloridrato de selegilina'),
(94, 'cloridrato de triexifenidil'),
(95, 'clozapina'),
(96, 'dicloridrato de pramipexol'),
(97, 'entacapona'),
(98, 'hemifumarato de quetiapina'),
(99, 'lamotrigina'),
(100, 'levetiracetam'),
(101, 'memantina'),
(102, 'mesilato de bromocriptina'),
(103, 'mesilato de rasagilina'),
(104, 'olanzapina'),
(105, 'primidona'),
(106, 'riluzol'),
(107, 'risperidona'),
(108, 'sulfato de morfina'),
(109, 'topiramato'),
(110, 'vigabatrina'),
(111, 'azatioprina'),
(112, 'baricitinibe'),
(113, 'ciclofosfamida'),
(114, 'leflunomida'),
(115, 'metotrexato'),
(116, 'teriflunomida'),
(117, 'tofacitinibe'),
(118, 'naproxeno'),
(119, 'risedronato sódico'),
(120, 'brometo de piridostigmina'),
(121, 'acetato de desmopressina'),
(122, 'acetato de fludrocortisona'),
(123, 'cloridrato de cinacalcete'),
(124, 'acetato de ciproterona'),
(125, 'cloridrato de raloxifeno'),
(126, 'ambrisentana'),
(127, 'atorvastatina cálcica'),
(128, 'bezafibrato'),
(129, 'bosentana'),
(130, 'ciprofibrato'),
(131, 'citrato de sildenafila'),
(132, 'genfibrozila'),
(133, 'pravastatina sódica'),
(134, 'sacubitril valsartana sódica hidratada'),
(135, 'eltrombopague olamina'),
(136, 'selexipague'),
(137, 'ácido ursodesoxicólico'),
(138, 'dapagliflozina'),
(139, 'mesalazina'),
(140, 'sulfassalazina'),
(141, 'difosfato de primaquina'),
(142, 'succinato de tafenoquina'),
(143, 'pirimetamina'),
(144, 'arteméter + lumefantrina'),
(145, 'artesunato + cloridrato de mefloquina'),
(146, 'benznidazol'),
(147, 'praziquantel'),
(148, 'citrato de dietilcarbamazina'),
(149, 'talidomida'),
(150, 'bedaquilina'),
(151, 'cloridrato de doxiciclina'),
(152, 'cloridrato de etambutol'),
(153, 'cloridrato de minociclina'),
(154, 'cloridrato de moxifloxacino'),
(155, 'daclatasvir'),
(156, 'dapsona'),
(157, 'darunavir'),
(158, 'delamanida'),
(159, 'dolutegravir sódico'),
(160, 'efavirenz'),
(161, 'elbasvir + grazoprevir monidratado'),
(162, 'entecavir'),
(163, 'espiramicina'),
(164, 'etionamida'),
(165, 'etravirina'),
(166, 'fumarato de tenofovir desoproxila'),
(167, 'fumarato de tenofovir desoproxila + entricitabina'),
(168, 'fumarato de tenofovir desoproxila + lamivudina'),
(169, 'fumarato de tenofovir desoproxila + lamivudina + efavirenz'),
(170, 'glecaprevir + pibrentasvir'),
(171, 'hemifumarato de tenofovir alafenamida'),
(172, 'isoniazida'),
(173, 'lamivudina'),
(174, 'ledipasvir + sofosbovir'),
(175, 'levofloxacino'),
(176, 'linezolida'),
(177, 'lopinavir + ritonavir'),
(178, 'maraviroque'),
(179, 'nevirapina'),
(180, 'ofloxacino'),
(181, 'pirazinamida'),
(182, 'raltegravir potássico'),
(183, 'rifampicina + isoniazida'),
(184, 'rifampicina + isoniazida + pirazinamida + cloridrato de etambutol'),
(185, 'rifapentina'),
(186, 'ritonavir'),
(187, 'sofosbuvir'),
(188, 'sofosbuvir + velpatasvir'),
(189, 'sulfadiazina'),
(190, 'sulfato de abacavir'),
(191, 'zidovudina + lamivudina'),
(192, 'pentoxifilina'),
(193, 'ácido tranexâmico'),
(194, 'ácido folínico'),
(195, 'folinato de cálcio'),
(196, 'acetazolamida'),
(197, 'difosfato de cloroquina'),
(198, 'everolimo'),
(199, 'micofenolato de mofetila'),
(200, 'micofenolato de sódio'),
(201, 'sirolimo'),
(202, 'azitromicina'),
(203, 'prednisona'),
(204, 'cabergolina'),
(205, 'clopidogrel'),
(206, 'dicloridrato de sapropterina'),
(207, 'cloridrato de naloxona'),
(208, 'cloridrato de protamina'),
(209, 'flumazenil'),
(210, 'glicose'),
(211, 'mesilato de pralidoxima'),
(212, 'aflibercepte'),
(213, 'mepolizumabe'),
(214, 'omalizumabe'),
(215, 'sulfato de salbutamol'),
(216, 'antimoniato de meglumina'),
(217, 'cloridrato de bupivacaína'),
(218, 'cloridrato de lidocaína + glicose'),
(219, 'cloridrato de lidocaína + hemitartarato de epinefrina'),
(220, 'cloridrato de prilocaína + felipressina'),
(221, 'decanoato de haloperidol'),
(222, 'lactato de biperideno'),
(223, 'abatacepte'),
(224, 'acetato de glatirâmer'),
(225, 'adalimumabe'),
(226, 'alentuzumabe'),
(227, 'alfapeginterferona 2a'),
(228, 'betainterferona 1a'),
(229, 'certolizumabe pegol'),
(230, 'ciclosporina'),
(231, 'daclizumabe'),
(232, 'etanercepte'),
(233, 'filgrastim'),
(234, 'golimumabe'),
(235, 'natalizumabe'),
(236, 'risanquizumabe'),
(237, 'rituximabe'),
(238, 'tacrolimo'),
(239, 'tocilizumabe'),
(240, 'ustequinumabe'),
(241, 'ácido zoledrônico'),
(242, 'burosumabe'),
(243, 'nusinersena'),
(244, 'pamidronato dissódico'),
(245, 'fluconazol'),
(246, 'imunoglobulina anti-Rho (D)'),
(247, 'imunoglobulina antitetânica'),
(248, 'imunoglobulina humana'),
(249, 'imunoglobulina humana anti-hepatite B'),
(250, 'imunoglobulina humana antirrábica'),
(251, 'imunoglobulina humana antivaricela zoster'),
(252, 'palivizumabe'),
(253, 'soro antiaracnídico (Loxosceles, Phoneutria e Tityus)'),
(254, 'soro antibotrópico (pentavalente)'),
(255, 'soro antibotrópico (pentavalente) e anticrotálico'),
(256, 'soro antibotrópico (pentavalente) e antilaquético'),
(257, 'soro antibotulínico AB (bivalente)'),
(258, 'soro anticrotálico'),
(259, 'soro antidiftérico'),
(260, 'soro antielapídico (bivalente)'),
(261, 'soro antiescorpiônico'),
(262, 'soro antilonômico'),
(263, 'soro antiloxoscélico (trivalente)'),
(264, 'soro antirrábico'),
(265, 'soro antitetânico'),
(266, 'sulfato de amicacina'),
(267, 'vacina febre tifoide (polissacarídica)'),
(268, 'vacina meningocócica ACWY (conjugada)'),
(269, 'vacina pneumocócica 13-valente (conjugada)'),
(270, 'vacina pneumocócica 23-valente (polissacarídica)'),
(271, 'vacina poliomielite 1, 2 e 3 (inativada)'),
(272, 'zidovudina'),
(273, 'acetato de lanreotida'),
(274, 'acetato de octreotida'),
(275, 'fosfato dissódico de dexametasona'),
(276, 'paricalcitol'),
(277, 'somatropina'),
(278, 'enantato de noretisterona + valerato de estradiol'),
(279, 'cloridrato de dobutamina'),
(280, 'cloridrato de dopamina'),
(281, 'cloridrato de lidocaína'),
(282, 'epinefrina'),
(283, 'hemitartarato de norepinefrina'),
(284, 'abciximabe'),
(285, 'acetato de sódio'),
(286, 'albumina humana'),
(287, 'alfaepoetina'),
(288, 'bicarbonato de sódio'),
(289, 'cianocobalamina'),
(290, 'cloreto de potássio'),
(291, 'cloreto de sódio'),
(292, 'cloridrato de tirofibana'),
(293, 'emicizumabe'),
(294, 'enoxaparina sódica'),
(295, 'fosfato de potássio monobásico + fosfato de potássio dibásico'),
(296, 'heparina sódica'),
(297, 'sacarato de hidróxido férrico'),
(298, 'solução ringer + lactato'),
(299, 'alfaelosulfase'),
(300, 'alfavestronidase'),
(301, 'galsulfase'),
(302, 'idursulfase'),
(303, 'insulina humana regular'),
(304, 'laronidase'),
(305, 'sulfato de atropina'),
(306, 'sulfato de magnésio'),
(307, 'sulfato de zinco'),
(308, 'cloridrato de hidroxocobalamina'),
(309, 'mesilato de desferroxamina'),
(310, 'artesunato'),
(311, 'isetionato de pentamidina'),
(312, 'alfainterferona 2b'),
(313, 'alfapeginterferona 2b'),
(314, 'basiliximabe'),
(315, 'betainterferona 1b'),
(316, 'imunoglobulina antitimócitos humanos (coelho)'),
(317, 'infliximabe'),
(318, 'secuquinumabe'),
(319, 'vedolizumabe'),
(320, 'toxina botulínica A'),
(321, 'anfotericina B (desoxicolato)'),
(322, 'anfotericina B (lipossomal)'),
(323, 'benzilpenicilina potássica'),
(324, 'capreomicina'),
(325, 'doxiciclina'),
(326, 'enfuvirtida'),
(327, 'sulfato de estreptomicina'),
(328, 'vacina febre amarela (atenuada)'),
(329, 'vacina Haemophilus influenzae B (conjugada)'),
(330, 'vacina sarampo, caxumba, rubéola'),
(331, 'vacina sarampo, caxumba, rubéola e varicela (atenuada)'),
(332, 'vacina varicela (atenuada)'),
(333, 'metilprednisolona'),
(334, 'alteplase'),
(335, 'complexo protrombínico humano'),
(336, 'complexo protrombínico parcialmente ativado'),
(337, 'estreptoquinase'),
(338, 'fator IX de'),
(339, 'coagulação'),
(340, 'fator VII de coagulação ativado recombinante'),
(341, 'fator VIII de coagulação fator VIII de'),
(342, 'fator VIII de coagulação contendo fator de von Willebrand'),
(343, 'fator VIII de coagulação recombinante'),
(344, 'fator XIII de coagulação'),
(345, 'fibrinogênio'),
(346, 'tenecteplase'),
(347, 'alfa-alglicosidade'),
(348, 'alfataliglicerase'),
(349, 'alfavelaglicerase'),
(350, 'imiglucerase'),
(351, 'água para injetáveis'),
(352, 'agulha para caneta aplicadora de insulina'),
(353, 'caneta para aplicação de insulina'),
(354, 'diafragma'),
(355, 'gel lubrificante'),
(356, 'glutaral'),
(357, 'hipoclorito de sódio'),
(358, 'lancetas para punção digital'),
(359, 'micronutrientes'),
(360, 'preservativo feminino'),
(361, 'preservativo masculino'),
(362, 'seringas com agulha acoplada para aplicação de insulina'),
(363, 'tiras reagentes de medida de glicemia capilar'),
(364, 'cloridrato de pilocarpina'),
(365, 'alfaporactanto (surfactante pulmonar)'),
(366, 'oxamniquina'),
(367, 'cloridrato de bupropiona'),
(368, 'nicotina'),
(369, 'miltefosina'),
(370, 'ácido araminossalicílico'),
(371, 'anfotericina B (complexo lipídico)'),
(372, 'clofazimina'),
(373, 'fenoximetilpenicilina potássica'),
(374, 'flucitosina'),
(375, 'fosamprenavir'),
(376, 'fosfato de oseltamivir'),
(377, 'ribavirina'),
(378, 'rifabutina'),
(379, 'rifampicina + isoniazida + pirazinamida'),
(380, 'sulfato de atazanavir'),
(381, 'terizidona'),
(382, 'tipranavir'),
(383, 'vacina adsorvida difteria e tétano adulto'),
(384, 'vacina adsorvida difteria e tétano infantil'),
(385, 'vacina adsorvida difteria, tétano e pertussis'),
(386, 'vacina adsorvida difteria, tétano e pertussis (acelular) adulto'),
(387, 'vacina adsorvida difteria, tétano e pertussis (acelular) infantil'),
(388, 'vacina adsorvida difteria, tétano, pertussis, hepatite B (recombinante) e Haemophilus influenzae B (conjugada)'),
(389, 'vacina adsorvida hepatite A (inativada) adulto'),
(390, 'vacina adsorvida hepatite A (inativada) infantil'),
(391, 'vacina BCG'),
(392, 'vacina cólera (inativada)'),
(393, 'vacina hepatite B (recombinante)'),
(394, 'vacina influenza trivalente (fragmentada, inativada)'),
(395, 'vacina meningocócica C (conjugada)'),
(396, 'vacina papilomavírus humano 6, 11, 16 e 18 (recombinante)'),
(397, 'vacina pneumocócica 10-valente (conjugada)'),
(398, 'vacina poliomielite 1 e 3 (atenuada)'),
(399, 'vacina raiva (inativada)'),
(400, 'vacina rotavírus humano G1P [8] (atenuada)'),
(401, 'zanamivir'),
(402, 'iodo + iodeto de potássio'),
(403, 'dispositivo intrauterino plástico com cobre'),
(404, 'álcool etílico'),
(405, 'palmitato de retinol'),
(406, 'complemento alimentar para paciente fenilcetonúrico maior de 1 ano (fórmula de aminoácidos isenta de fenilalanina)'),
(407, 'complemento alimentar para paciente fenilcetonúrico menor de 1 ano (fórmula de aminoácidos isenta de fenilalanina)'),
(408, 'deferasirox'),
(409, 'bimatoprosta'),
(410, 'brinzolamida'),
(411, 'cloridrato de dorzolamida'),
(412, 'dextrotartarato de brimonidina'),
(413, 'latanoprosta'),
(414, 'travoprosta'),
(415, 'alfadornase'),
(416, 'brometo de tiotrópio monoidratado + cloridrato de olodaterol'),
(417, 'brometo de umeclidínio + trifenatato de vilanterol'),
(418, 'bromidrato de fenoterol'),
(419, 'budesonida'),
(420, 'fumarato de formoterol'),
(421, 'fumarato de formoterol + budesonida'),
(422, 'etossuximida'),
(423, 'fumarato de dimetila'),
(424, 'gabapentina'),
(425, 'rivastigmina'),
(426, 'tafamidis'),
(427, 'ziprasidona'),
(428, 'acetato de gosserrelina'),
(429, 'acetato de leuprorrelina'),
(430, 'eculizumabe'),
(431, 'fingolimode'),
(432, 'hidroxiureia'),
(433, 'triptorrelina'),
(434, 'upadacitinibe'),
(435, 'penicilamina'),
(436, 'bromidrato de galantamina'),
(437, 'tobramicina'),
(438, 'calcitonina'),
(439, 'acitretina'),
(440, 'calcipotriol'),
(441, 'isotretinoína'),
(442, 'propionato de clobetasol'),
(443, 'danazol'),
(444, 'ácido nicotínico'),
(445, 'etofibrato'),
(446, 'fenofibrato'),
(447, 'iloprosta'),
(448, 'alfacalcidol'),
(449, 'biotina'),
(450, 'calcitriol'),
(451, 'insulina análoga'),
(452, 'de ação prolongada'),
(453, 'insulina análoga de ação rápida'),
(454, 'miglustate'),
(455, 'pancreatina'),
(456, 'trientina'),
(457, 'medicamentos homeopáticos'),
(458, 'cloridrato de tetraciclina'),
(459, 'hipromelose'),
(460, 'maleato de timolol'),
(461, 'sulfato de gentamicina'),
(462, 'sulfato de polimixina B + sulfato de neomicina + fluocinolona acetonida + cloridrato de lidocaína'),
(463, 'brometo de ipratrópio'),
(464, 'dipropionato de beclometasona'),
(465, 'benzoilmetronidazol'),
(466, 'albendazol'),
(467, 'permetrina'),
(468, 'clonazepam'),
(469, 'cloridrato de nortriptilina'),
(470, 'midazolam'),
(471, 'aroeira (Schinus terebinthifolia raddi)'),
(472, 'babosa (Aloe vera (L.) Burm. f.)'),
(473, 'cáscara-sagrada (Rhamnus purshiana DC.)'),
(474, 'espinheira-santa (Maytenus ilicifolia Mart. ex Reissek)'),
(475, 'benzilpenicilina benzatina'),
(476, 'benzilpenicilina procaína + benzilpenicilina potássica'),
(477, 'cefotaxima sódica'),
(478, 'ceftriaxona'),
(479, 'cloridrato de clindamicina'),
(480, 'itraconazol'),
(481, 'nitrofurantoína'),
(482, 'rifampicina'),
(483, 'acetato de betametasona + fosfato dissódico de betametasona'),
(484, 'fosfato sódico de prednisolona'),
(485, 'succinato sódico de hidrocortisona'),
(486, 'estriol'),
(487, 'misoprostol'),
(488, 'nitrato de miconazol'),
(489, 'acetato de hidrocortisona'),
(490, 'ácido salicílico'),
(491, 'alcatrão mineral (FN)'),
(492, 'cetoconazol'),
(493, 'digliconato de clorexidina'),
(494, 'fosfato de clindamicina'),
(495, 'imiquimode'),
(496, 'óleo mineral'),
(497, 'pasta-d água'),
(498, 'permanganato de potássio'),
(499, 'peróxido de benzoíla'),
(500, 'podofilina'),
(501, 'podofilotoxina'),
(502, 'sulfadiazina de prata'),
(503, 'dinitrato de isossorbida'),
(504, 'succinato de metoprolol'),
(505, 'carvão vegetal ativado'),
(506, 'glicerol'),
(507, 'insulina humana NPH'),
(508, 'lactulose'),
(509, 'nistatina'),
(510, 'omeprazol'),
(511, 'sais para reidratação oral');

-- --------------------------------------------------------

--
-- Estrutura da tabela `med_forma_farmaceutica`
--

CREATE TABLE `med_forma_farmaceutica` (
  `id_forma_farm` int(11) NOT NULL,
  `desc_forma` varchar(60) NOT NULL
) ENGINE=InnoDB DEFAULT CHARSET=utf8;

--
-- Extraindo dados da tabela `med_forma_farmaceutica`
--

INSERT INTO `med_forma_farmaceutica` (`id_forma_farm`, `desc_forma`) VALUES
(1, ' NÃO INFORMADO'),
(2, '160 mm x 49 mm'),
(3, '160 mm x 52 mm'),
(4, 'adesivo transdérmico'),
(5, 'aerossol bucal'),
(6, 'aerossol oral'),
(7, 'até 20 cm'),
(8, 'cápsula'),
(9, 'cápsula de liberação prolongada'),
(10, 'cápsula de liberação retardada'),
(11, 'cápsula mole'),
(12, 'cápsula para inalação'),
(13, 'cápsula para inalação oral'),
(14, 'comprimido'),
(15, 'comprimido de liberação prolongada'),
(16, 'comprimido de liberação retardada'),
(17, 'comprimido dispersível'),
(18, 'comprimido mastigável'),
(19, 'comprimido orodispersível'),
(20, 'comprimido para suspensão'),
(21, 'comprimido para uso tópico'),
(22, 'comprimido revestido de liberação prolongada'),
(23, 'comprimido solúvel'),
(24, 'comprimido sublingual'),
(25, 'comprimido vaginal'),
(26, 'comprimidos dispersíveis'),
(27, 'conforme Farmacopeia Homeopática Brasileira 3ª edição'),
(28, 'creme'),
(29, 'creme vaginal'),
(30, 'elixir'),
(31, 'emulsão oral'),
(32, 'enema retal'),
(33, 'gel'),
(34, 'gel oral'),
(35, 'gel vaginal'),
(36, 'goma de mascar'),
(37, 'granulado oral'),
(38, 'implante subcutâneo'),
(39, 'loção'),
(40, 'modelo T 380 mm2'),
(41, 'óleo para uso oral'),
(42, 'óvulo vaginal'),
(43, 'pasta'),
(44, 'pastilha'),
(45, 'pó'),
(46, 'pó para inalação'),
(47, 'pó para inalação oral'),
(48, 'pó para solução injetável'),
(49, 'pó para solução oral'),
(50, 'pó para suspensão injetável'),
(51, 'pó para suspensão oral'),
(52, 'pomada'),
(53, 'pomada oftálmica'),
(54, 'solução'),
(55, 'solução aerossol'),
(56, 'solução bucal'),
(57, 'solução capilar'),
(58, 'solução inalatória'),
(59, 'solução injetável'),
(60, 'solução injetável 10 mL'),
(61, 'solução injetável 100 mL'),
(62, 'solução injetável 5 mL'),
(63, 'solução injetável 500 mL'),
(64, 'solução injetável com sistema de aplicação'),
(65, 'solução injetável intratecal ou intrabronquica'),
(66, 'solução nasal'),
(67, 'solução oftálmica'),
(68, 'solução oral'),
(69, 'solução otológica'),
(70, 'solução para diluição para infusão'),
(71, 'solução para inalação'),
(72, 'solução para inalação oral'),
(73, 'solução para infusão'),
(74, 'solução para nebulização'),
(75, 'solução para uso tópico'),
(76, 'solução retal'),
(77, 'solução spray'),
(78, 'solução spray nasal'),
(79, 'solução tópica'),
(80, 'supositório retal'),
(81, 'suspensão injetável'),
(82, 'suspensão injetável intratecal ou intrabronquica'),
(83, 'suspensão oftálmica'),
(84, 'suspensão oral'),
(85, 'suspensão para inalação nasal'),
(86, 'tintura'),
(87, 'unidade'),
(88, 'xampu'),
(89, 'xarope');

-- --------------------------------------------------------

--
-- Estrutura da tabela `unidade_saude`
--

CREATE TABLE `unidade_saude` (
  `id_unidade_saude` int(11) NOT NULL,
  `nome_unidade` varchar(250) NOT NULL,
  `end_rua` varchar(200) NOT NULL,
  `end_numero` varchar(5) NOT NULL,
  `end_bairro` varchar(200) NOT NULL,
  `end_cep` varchar(20) NOT NULL,
  `end_id_cidade` int(11) NOT NULL,
  `end_id_estado` int(11) NOT NULL
) ENGINE=InnoDB DEFAULT CHARSET=utf8;

--
-- Extraindo dados da tabela `unidade_saude`
--

INSERT INTO `unidade_saude` (`id_unidade_saude`, `nome_unidade`, `end_rua`, `end_numero`, `end_bairro`, `end_cep`, `end_id_cidade`, `end_id_estado`) VALUES
(1, 'jd.Alvorada', 'Martins Afonso', '11-22', 'Jd. Maria Cândida', '17031591', 1, 1);

-- --------------------------------------------------------

--
-- Estrutura da tabela `usuario`
--

CREATE TABLE `usuario` (
  `id_usuario` int(11) NOT NULL,
  `login` varchar(50) NOT NULL,
  `password` varchar(50) NOT NULL,
  `nivel` int(1) NOT NULL
) ENGINE=InnoDB DEFAULT CHARSET=utf8;

--
-- Extraindo dados da tabela `usuario`
--

INSERT INTO `usuario` (`id_usuario`, `login`, `password`, `nivel`) VALUES
(1, 'admin', 'ad123', 1);

--
-- Índices para tabelas despejadas
--

--
-- Índices para tabela `estoque`
--
ALTER TABLE `estoque`
  ADD PRIMARY KEY (`id_movimento`),
  ADD KEY `fk_estoque_id_medicamento1` (`id_medicamento`),
  ADD KEY `fk_estoque_id_acao1` (`id_acao`),
  ADD KEY `fk_estoque_id_fun1` (`entrada_id_fun`),
  ADD KEY `fk_estoque_id_fun2` (`saida_id_fun`),
  ADD KEY `fk_estoque_id_unidade1` (`origem_id_unidade`),
  ADD KEY `fk_estoque_id_unidade2` (`destino_id_unidade`);

--
-- Índices para tabela `est_acao`
--
ALTER TABLE `est_acao`
  ADD PRIMARY KEY (`id_acao`);

--
-- Índices para tabela `funcionario`
--
ALTER TABLE `funcionario`
  ADD PRIMARY KEY (`id_fun`);

--
-- Índices para tabela `medicamento`
--
ALTER TABLE `medicamento`
  ADD PRIMARY KEY (`id_medicamento`),
  ADD KEY `fk_medicamento_denominacao_idx` (`id_deno`),
  ADD KEY `fk_medicamento_codigo_atc1_idx` (`id_cod_atc`),
  ADD KEY `fk_medicamento_componente1_idx` (`id_comp`),
  ADD KEY `fk_medicamento_concentracao_composicao1_idx` (`id_conce`),
  ADD KEY `fk_medicamento_forma_farmaceutica1_idx` (`id_forma_farm`),
  ADD KEY `fk_medicamento_atc1_idx` (`id_atc`);

--
-- Índices para tabela `med_atc`
--
ALTER TABLE `med_atc`
  ADD PRIMARY KEY (`id_atc`);

--
-- Índices para tabela `med_codigo_atc`
--
ALTER TABLE `med_codigo_atc`
  ADD PRIMARY KEY (`id_cod_atc`);

--
-- Índices para tabela `med_componente`
--
ALTER TABLE `med_componente`
  ADD PRIMARY KEY (`id_comp`);

--
-- Índices para tabela `med_concentracao_composicao`
--
ALTER TABLE `med_concentracao_composicao`
  ADD PRIMARY KEY (`id_conce`);

--
-- Índices para tabela `med_denominacao`
--
ALTER TABLE `med_denominacao`
  ADD PRIMARY KEY (`id_deno`);

--
-- Índices para tabela `med_forma_farmaceutica`
--
ALTER TABLE `med_forma_farmaceutica`
  ADD PRIMARY KEY (`id_forma_farm`);

--
-- Índices para tabela `unidade_saude`
--
ALTER TABLE `unidade_saude`
  ADD PRIMARY KEY (`id_unidade_saude`);

--
-- Índices para tabela `usuario`
--
ALTER TABLE `usuario`
  ADD PRIMARY KEY (`id_usuario`);

--
-- AUTO_INCREMENT de tabelas despejadas
--

--
-- AUTO_INCREMENT de tabela `estoque`
--
ALTER TABLE `estoque`
  MODIFY `id_movimento` int(11) NOT NULL AUTO_INCREMENT, AUTO_INCREMENT=15;

--
-- AUTO_INCREMENT de tabela `est_acao`
--
ALTER TABLE `est_acao`
  MODIFY `id_acao` int(11) NOT NULL AUTO_INCREMENT, AUTO_INCREMENT=3;

--
-- AUTO_INCREMENT de tabela `funcionario`
--
ALTER TABLE `funcionario`
  MODIFY `id_fun` int(11) NOT NULL AUTO_INCREMENT, AUTO_INCREMENT=3;

--
-- AUTO_INCREMENT de tabela `medicamento`
--
ALTER TABLE `medicamento`
  MODIFY `id_medicamento` int(11) NOT NULL AUTO_INCREMENT, AUTO_INCREMENT=938;

--
-- AUTO_INCREMENT de tabela `med_atc`
--
ALTER TABLE `med_atc`
  MODIFY `id_atc` int(11) NOT NULL AUTO_INCREMENT, AUTO_INCREMENT=16;

--
-- AUTO_INCREMENT de tabela `med_codigo_atc`
--
ALTER TABLE `med_codigo_atc`
  MODIFY `id_cod_atc` int(11) NOT NULL AUTO_INCREMENT, AUTO_INCREMENT=485;

--
-- AUTO_INCREMENT de tabela `med_componente`
--
ALTER TABLE `med_componente`
  MODIFY `id_comp` int(11) NOT NULL AUTO_INCREMENT, AUTO_INCREMENT=12;

--
-- AUTO_INCREMENT de tabela `med_concentracao_composicao`
--
ALTER TABLE `med_concentracao_composicao`
  MODIFY `id_conce` int(11) NOT NULL AUTO_INCREMENT, AUTO_INCREMENT=335;

--
-- AUTO_INCREMENT de tabela `med_denominacao`
--
ALTER TABLE `med_denominacao`
  MODIFY `id_deno` int(11) NOT NULL AUTO_INCREMENT, AUTO_INCREMENT=512;

--
-- AUTO_INCREMENT de tabela `med_forma_farmaceutica`
--
ALTER TABLE `med_forma_farmaceutica`
  MODIFY `id_forma_farm` int(11) NOT NULL AUTO_INCREMENT, AUTO_INCREMENT=90;

--
-- AUTO_INCREMENT de tabela `unidade_saude`
--
ALTER TABLE `unidade_saude`
  MODIFY `id_unidade_saude` int(11) NOT NULL AUTO_INCREMENT, AUTO_INCREMENT=2;

--
-- AUTO_INCREMENT de tabela `usuario`
--
ALTER TABLE `usuario`
  MODIFY `id_usuario` int(11) NOT NULL AUTO_INCREMENT, AUTO_INCREMENT=2;

--
-- Restrições para despejos de tabelas
--

--
-- Limitadores para a tabela `estoque`
--
ALTER TABLE `estoque`
  ADD CONSTRAINT `fk_estoque_id_acao1` FOREIGN KEY (`id_acao`) REFERENCES `est_acao` (`id_acao`) ON DELETE NO ACTION ON UPDATE NO ACTION,
  ADD CONSTRAINT `fk_estoque_id_fun1` FOREIGN KEY (`entrada_id_fun`) REFERENCES `funcionario` (`id_fun`) ON DELETE NO ACTION ON UPDATE NO ACTION,
  ADD CONSTRAINT `fk_estoque_id_fun2` FOREIGN KEY (`saida_id_fun`) REFERENCES `funcionario` (`id_fun`) ON DELETE NO ACTION ON UPDATE NO ACTION,
  ADD CONSTRAINT `fk_estoque_id_medicamento1` FOREIGN KEY (`id_medicamento`) REFERENCES `medicamento` (`id_medicamento`) ON DELETE NO ACTION ON UPDATE NO ACTION,
  ADD CONSTRAINT `fk_estoque_id_unidade1` FOREIGN KEY (`origem_id_unidade`) REFERENCES `unidade_saude` (`id_unidade_saude`) ON DELETE NO ACTION ON UPDATE NO ACTION,
  ADD CONSTRAINT `fk_estoque_id_unidade2` FOREIGN KEY (`destino_id_unidade`) REFERENCES `unidade_saude` (`id_unidade_saude`);

--
-- Limitadores para a tabela `medicamento`
--
ALTER TABLE `medicamento`
  ADD CONSTRAINT `fk_medicamento_atc1` FOREIGN KEY (`id_atc`) REFERENCES `med_atc` (`id_atc`) ON DELETE NO ACTION ON UPDATE NO ACTION,
  ADD CONSTRAINT `fk_medicamento_codigo_atc1` FOREIGN KEY (`id_cod_atc`) REFERENCES `med_codigo_atc` (`id_cod_atc`) ON DELETE NO ACTION ON UPDATE NO ACTION,
  ADD CONSTRAINT `fk_medicamento_componente1` FOREIGN KEY (`id_comp`) REFERENCES `med_componente` (`id_comp`) ON DELETE NO ACTION ON UPDATE NO ACTION,
  ADD CONSTRAINT `fk_medicamento_concentracao_composicao1` FOREIGN KEY (`id_conce`) REFERENCES `med_concentracao_composicao` (`id_conce`) ON DELETE NO ACTION ON UPDATE NO ACTION,
  ADD CONSTRAINT `fk_medicamento_denominacao` FOREIGN KEY (`id_deno`) REFERENCES `med_denominacao` (`id_deno`) ON DELETE NO ACTION ON UPDATE NO ACTION,
  ADD CONSTRAINT `fk_medicamento_forma_farmaceutica1` FOREIGN KEY (`id_forma_farm`) REFERENCES `med_forma_farmaceutica` (`id_forma_farm`) ON DELETE NO ACTION ON UPDATE NO ACTION;
COMMIT;

/*!40101 SET CHARACTER_SET_CLIENT=@OLD_CHARACTER_SET_CLIENT */;
/*!40101 SET CHARACTER_SET_RESULTS=@OLD_CHARACTER_SET_RESULTS */;
/*!40101 SET COLLATION_CONNECTION=@OLD_COLLATION_CONNECTION */;
